Date,Total_Revenue,Total_Freight,Order_Count,Avg_Delivery_Days,Is_Weekend,Macro Category
24/07/2017 00:00,6116.94,1241.48,52,10.64705882,Weekday,Home & Living
21/07/2017 00:00,5844.31,970.86,35,11.55882353,Weekday,Home & Living
20/07/2017 00:00,9312.77,1816.25,68,11.52238806,Weekday,Home & Living
19/07/2017 00:00,7618.1,1547.46,65,11.296875,Weekday,Home & Living
18/07/2017 00:00,14612.31,1885.44,87,12.11627907,Weekday,Home & Living
17/07/2017 00:00,8805.36,1792.15,62,10.57377049,Weekday,Home & Living
14/07/2017 00:00,6330.02,1139.2,49,12.46938776,Weekday,Home & Living
13/07/2017 00:00,6439.83,1589.85,49,14.35416667,Weekday,Home & Living
12/07/2017 00:00,5433.54,1063.87,47,12.5106383,Weekday,Home & Living
11/07/2017 00:00,9080.85,1635.07,62,10.25,Weekday,Home & Living
10/07/2017 00:00,5833.08,1184.74,53,12.20754717,Weekday,Home & Living
07/07/2017 00:00,4612.92,1117.76,45,13.51162791,Weekday,Home & Living
06/07/2017 00:00,5661.99,1216.08,50,13.69565217,Weekday,Home & Living
05/07/2017 00:00,6641.75,1557.73,60,11.41666667,Weekday,Home & Living
04/07/2017 00:00,5817.72,1159.28,49,11,Weekday,Home & Living
03/07/2017 00:00,6563.68,1091.1,45,13.02272727,Weekday,Home & Living
30/06/2017 00:00,3837.2,778.28,38,14.15789474,Weekday,Home & Living
29/06/2017 00:00,5852.91,1039.74,52,10.36538462,Weekday,Home & Living
28/06/2017 00:00,7207.69,1231.98,56,11.87037037,Weekday,Home & Living
27/06/2017 00:00,6608.34,1484.05,59,9.169491525,Weekday,Home & Living
26/06/2017 00:00,5274.75,679.73,26,11.12,Weekday,Home & Living
23/06/2017 00:00,4071.33,940.71,42,11.04878049,Weekday,Home & Living
22/06/2017 00:00,3292.33,962.09,40,12.21052632,Weekday,Home & Living
21/06/2017 00:00,3208.09,434.76,13,12.15384615,Weekday,Home & Living
20/06/2017 00:00,4429.43,1995.02,37,9.057142857,Weekday,Home & Living
19/06/2017 00:00,9620.72,1273.14,59,11.49122807,Weekday,Home & Living
16/06/2017 00:00,4847.45,622.07,28,12.66666667,Weekday,Home & Living
15/06/2017 00:00,5220.37,1000.01,46,14.79545455,Weekday,Home & Living
14/06/2017 00:00,9116.84,1102.31,46,13.88888889,Weekday,Home & Living
13/06/2017 00:00,2903.67,774.33,32,14.64516129,Weekday,Home & Living
12/06/2017 00:00,4823.72,902.68,42,18.475,Weekday,Home & Living
09/06/2017 00:00,4325.26,832.32,31,11.67741935,Weekday,Home & Living
08/06/2017 00:00,4647.19,1060.83,43,12.34883721,Weekday,Home & Living
07/06/2017 00:00,4190.6,906.34,37,14.05555556,Weekday,Home & Living
06/06/2017 00:00,6074.99,1327.3,58,12.58928571,Weekday,Home & Living
05/06/2017 00:00,6773.76,1205.67,59,12.77586207,Weekday,Home & Living
02/06/2017 00:00,3942.08,728.25,35,12.62857143,Weekday,Home & Living
01/06/2017 00:00,3214.41,643.21,34,10.02941176,Weekday,Home & Living
31/05/2017 00:00,5148.61,1166.57,41,12.34210526,Weekday,Home & Living
30/05/2017 00:00,4533.38,949.64,42,11.75,Weekday,Home & Living
29/05/2017 00:00,7836.25,1288.97,62,10.3442623,Weekday,Home & Living
26/05/2017 00:00,4505.53,833.52,29,13.37931034,Weekday,Home & Living
25/05/2017 00:00,4748.85,999.01,37,15.19444444,Weekday,Home & Living
24/05/2017 00:00,3200.1,873.27,34,13.5,Weekday,Home & Living
23/05/2017 00:00,4990.72,1142.69,42,11.65853659,Weekday,Home & Living
22/05/2017 00:00,7609.06,1281.48,54,9.907407407,Weekday,Home & Living
19/05/2017 00:00,5553.31,1358.39,49,12.59183673,Weekday,Home & Living
18/05/2017 00:00,5260.93,1062.66,41,12.6097561,Weekday,Home & Living
17/05/2017 00:00,5727.18,1254.81,49,10.93877551,Weekday,Home & Living
16/05/2017 00:00,5086.68,1126.02,51,9.693877551,Weekday,Home & Living
15/05/2017 00:00,7246.2,1529.43,56,11.17857143,Weekday,Home & Living
12/05/2017 00:00,4401.79,1061.08,41,12.63888889,Weekday,Home & Living
11/05/2017 00:00,3527.83,797.47,33,12.32258065,Weekday,Home & Living
10/05/2017 00:00,4342.78,587.65,31,11.67857143,Weekday,Home & Living
09/05/2017 00:00,5955.89,979.54,39,11.97435897,Weekday,Home & Living
08/05/2017 00:00,7181.77,1552.29,54,12.50943396,Weekday,Home & Living
05/05/2017 00:00,3438.68,782.42,35,14,Weekday,Home & Living
04/05/2017 00:00,4107.58,758.75,34,16.57575758,Weekday,Home & Living
03/05/2017 00:00,4461.3,769.64,35,13.17142857,Weekday,Home & Living
02/05/2017 00:00,5418.96,1003.29,40,14.97297297,Weekday,Home & Living
01/05/2017 00:00,4847.58,836.72,45,14.76190476,Weekday,Home & Living
28/04/2017 00:00,4509.91,896.67,33,17.34375,Weekday,Home & Living
27/04/2017 00:00,4372.19,923.36,27,15.72,Weekday,Home & Living
26/04/2017 00:00,6264.12,1103.58,39,15.78947368,Weekday,Home & Living
25/04/2017 00:00,6379.73,1147.11,40,13.54285714,Weekday,Home & Living
24/04/2017 00:00,7333.78,1175.28,46,15.6,Weekday,Home & Living
21/04/2017 00:00,4291.95,957.05,30,17.96666667,Weekday,Home & Living
20/04/2017 00:00,5848.34,973.57,40,16.94594595,Weekday,Home & Living
19/04/2017 00:00,4236.85,680.03,36,18.82857143,Weekday,Home & Living
18/04/2017 00:00,15537.27,1348.62,37,17.43243243,Weekday,Home & Living
17/04/2017 00:00,3921.91,429.56,20,14.47058824,Weekday,Home & Living
14/04/2017 00:00,2119.58,512.69,15,20.6,Weekday,Home & Living
13/04/2017 00:00,3795.31,612.79,20,16.9,Weekday,Home & Living
12/04/2017 00:00,2992.18,529.44,20,22.84210526,Weekday,Home & Living
11/04/2017 00:00,2395.67,527.17,25,15,Weekday,Home & Living
10/04/2017 00:00,3443.31,652.75,28,12.07407407,Weekday,Home & Living
07/04/2017 00:00,3451.74,513.55,21,16.04761905,Weekday,Home & Living
06/04/2017 00:00,11043.72,891.72,34,12.78787879,Weekday,Home & Living
05/04/2017 00:00,4620.32,668.41,33,12.83870968,Weekday,Home & Living
04/04/2017 00:00,4596.88,764.86,37,9.837837838,Weekday,Home & Living
03/04/2017 00:00,3727.55,763.76,34,13.06451613,Weekday,Home & Living
31/03/2017 00:00,3700.44,426.52,16,13.93333333,Weekday,Home & Living
30/03/2017 00:00,3817.46,614.79,31,14.32258065,Weekday,Home & Living
29/03/2017 00:00,4975.32,805.32,35,19,Weekday,Home & Living
28/03/2017 00:00,3522.11,861.71,36,12.09375,Weekday,Home & Living
27/03/2017 00:00,4686.77,958.89,38,14.2972973,Weekday,Home & Living
24/03/2017 00:00,4325.37,763.18,36,17.45714286,Weekday,Home & Living
23/03/2017 00:00,6717.47,1106.55,41,14.575,Weekday,Home & Living
22/03/2017 00:00,4821.39,891.45,37,11.08108108,Weekday,Home & Living
21/03/2017 00:00,3580.89,514.05,26,9.115384615,Weekday,Home & Living
20/03/2017 00:00,4069.36,890,39,12.26315789,Weekday,Home & Living
17/03/2017 00:00,5440.31,786.67,29,21.20689655,Weekday,Home & Living
16/03/2017 00:00,5262.63,1114.84,38,20.6,Weekday,Home & Living
15/03/2017 00:00,5319.63,1087.67,44,20.5,Weekday,Home & Living
14/03/2017 00:00,6750.06,1155.81,44,12.025,Weekday,Home & Living
13/03/2017 00:00,7757.13,997.28,47,17,Weekday,Home & Living
10/03/2017 00:00,4811.84,792.94,30,12.46666667,Weekday,Home & Living
09/03/2017 00:00,5872.97,1012.33,43,12.31707317,Weekday,Home & Living
08/03/2017 00:00,3759.98,981.46,28,19.15384615,Weekday,Home & Living
07/03/2017 00:00,4921.82,1061.03,39,11.45945946,Weekday,Home & Living
06/03/2017 00:00,3495.15,992.83,35,12.91176471,Weekday,Home & Living
03/03/2017 00:00,4526.52,747.45,33,15.09090909,Weekday,Home & Living
02/03/2017 00:00,5285.52,769.62,31,12.68965517,Weekday,Home & Living
01/03/2017 00:00,4224.73,925.19,39,12.78947368,Weekday,Home & Living
28/02/2017 00:00,5448.93,602.04,23,18.85714286,Weekday,Home & Living
27/02/2017 00:00,2315.23,518.52,20,15.73684211,Weekday,Home & Living
24/02/2017 00:00,1887.82,483.38,23,15.33333333,Weekday,Home & Living
23/02/2017 00:00,3524.5,948.55,27,13.46153846,Weekday,Home & Living
22/02/2017 00:00,4040.06,623.67,28,12.34782609,Weekday,Home & Living
21/02/2017 00:00,1810.46,404.19,16,24.06666667,Weekday,Home & Living
20/02/2017 00:00,3792.81,548.31,23,19.52380952,Weekday,Home & Living
17/02/2017 00:00,5222.38,866.42,23,18.17391304,Weekday,Home & Living
16/02/2017 00:00,2449.38,461.7,21,11.38095238,Weekday,Home & Living
15/02/2017 00:00,3920.46,642.98,32,12.12903226,Weekday,Home & Living
14/02/2017 00:00,6638.53,850.12,28,15,Weekday,Home & Living
13/02/2017 00:00,5201.4,1062.41,36,13.62857143,Weekday,Home & Living
10/02/2017 00:00,4711.12,743.89,30,13.92857143,Weekday,Home & Living
09/02/2017 00:00,5784.67,1028.27,36,16.75,Weekday,Home & Living
08/02/2017 00:00,5276.35,1015.92,36,15.08823529,Weekday,Home & Living
07/02/2017 00:00,5152.44,1006.58,36,11.79411765,Weekday,Home & Living
06/02/2017 00:00,2909.79,591.07,30,11.86666667,Weekday,Home & Living
03/02/2017 00:00,2451.77,462.09,18,11.625,Weekday,Home & Living
02/02/2017 00:00,1998.77,569.46,20,11.57894737,Weekday,Home & Living
01/02/2017 00:00,2172.91,451.52,20,13.85,Weekday,Home & Living
31/01/2017 00:00,3405.47,833.14,29,14.33333333,Weekday,Home & Living
30/01/2017 00:00,4526.66,473,23,11.90909091,Weekday,Home & Living
27/01/2017 00:00,2402.46,414.54,17,12.8125,Weekday,Home & Living
26/01/2017 00:00,3470.67,743.09,29,13.25,Weekday,Home & Living
25/01/2017 00:00,2661.27,380.03,18,14.625,Weekday,Home & Living
24/01/2017 00:00,1786.53,339.23,15,11.64285714,Weekday,Home & Living
23/01/2017 00:00,3121.6,465.98,18,17.1875,Weekday,Home & Living
20/01/2017 00:00,1319.87,219.42,14,11.35714286,Weekday,Home & Living
19/01/2017 00:00,2169.88,343.84,18,10.27777778,Weekday,Home & Living
18/01/2017 00:00,1153.43,205.34,10,12.6,Weekday,Home & Living
17/01/2017 00:00,952,177.48,11,11.45454545,Weekday,Home & Living
16/01/2017 00:00,1415.89,140.13,5,9.8,Weekday,Home & Living
13/01/2017 00:00,1868.69,186.4,7,9.285714286,Weekday,Home & Living
12/01/2017 00:00,971.4,122.73,6,14.33333333,Weekday,Home & Living
11/01/2017 00:00,1255.49,152.4,5,7.2,Weekday,Home & Living
10/01/2017 00:00,559.7,100.31,4,12.5,Weekday,Home & Living
09/01/2017 00:00,77,31.12,1,46,Weekday,Home & Living
05/01/2017 00:00,160,119.92,11,10.81818182,Weekday,Home & Living
29/08/2018 00:00,353.79,25.16,3,1,Weekday,Tech & Gadgets
28/08/2018 00:00,421.27,63.8,8,2,Weekday,Tech & Gadgets
27/08/2018 00:00,249.86,50.76,6,2.333333333,Weekday,Tech & Gadgets
24/08/2018 00:00,2146.47,316.95,23,4.956521739,Weekday,Tech & Gadgets
23/08/2018 00:00,2174.03,433.3,27,5.296296296,Weekday,Tech & Gadgets
22/08/2018 00:00,4713.26,527.66,32,5.90625,Weekday,Tech & Gadgets
21/08/2018 00:00,5250.65,662.08,39,6.631578947,Weekday,Tech & Gadgets
20/08/2018 00:00,5947.16,786.97,32,6.09375,Weekday,Tech & Gadgets
17/08/2018 00:00,3880.12,719.98,41,8.35,Weekday,Tech & Gadgets
16/08/2018 00:00,8461.52,1286.41,71,7.957746479,Weekday,Tech & Gadgets
15/08/2018 00:00,8562.08,1059.71,53,9.403846154,Weekday,Tech & Gadgets
14/08/2018 00:00,9221.32,1100.48,61,8.278688525,Weekday,Tech & Gadgets
13/08/2018 00:00,7946.3,986.51,48,7.85106383,Weekday,Tech & Gadgets
10/08/2018 00:00,7643.26,1127.04,55,8.944444444,Weekday,Tech & Gadgets
09/08/2018 00:00,8587.96,1172.74,55,8.87037037,Weekday,Tech & Gadgets
08/08/2018 00:00,11193.2,1430.76,55,8.727272727,Weekday,Tech & Gadgets
07/08/2018 00:00,10643.88,1586.71,68,8.439393939,Weekday,Tech & Gadgets
06/08/2018 00:00,12858.84,1756.57,83,8.825,Weekday,Tech & Gadgets
03/08/2018 00:00,7728.66,1538.89,64,10.90322581,Weekday,Tech & Gadgets
02/08/2018 00:00,8391.45,1422,70,10.13235294,Weekday,Tech & Gadgets
01/08/2018 00:00,11891.43,1379.32,71,9.887323944,Weekday,Tech & Gadgets
31/07/2018 00:00,12482.94,1685.71,68,9.514705882,Weekday,Tech & Gadgets
30/07/2018 00:00,7480.61,1118.49,59,8.310344828,Weekday,Tech & Gadgets
27/07/2018 00:00,7424.42,1014.02,46,10.41304348,Weekday,Tech & Gadgets
26/07/2018 00:00,10099.89,1413.64,54,8.886792453,Weekday,Tech & Gadgets
25/07/2018 00:00,12671.57,1137.34,53,7.622641509,Weekday,Tech & Gadgets
24/07/2018 00:00,4727.5,748.23,40,8,Weekday,Tech & Gadgets
23/07/2018 00:00,5880.86,1233.49,65,8.566666667,Weekday,Tech & Gadgets
20/07/2018 00:00,9022.57,1130.14,63,9.031746032,Weekday,Tech & Gadgets
19/07/2018 00:00,7651.79,843.14,44,10.04545455,Weekday,Tech & Gadgets
18/07/2018 00:00,6853.93,1107.54,56,9.490909091,Weekday,Tech & Gadgets
17/07/2018 00:00,7142.49,910.78,44,8.558139535,Weekday,Tech & Gadgets
16/07/2018 00:00,7236.45,1155.5,51,8.666666667,Weekday,Tech & Gadgets
13/07/2018 00:00,7009.2,1068.49,47,13.38297872,Weekday,Tech & Gadgets
12/07/2018 00:00,6904.94,686.19,34,13.03030303,Weekday,Tech & Gadgets
11/07/2018 00:00,4878.08,809.89,30,11.6,Weekday,Tech & Gadgets
10/07/2018 00:00,3930.76,653.31,33,9.71875,Weekday,Tech & Gadgets
09/07/2018 00:00,3672.12,477.74,25,10.4,Weekday,Tech & Gadgets
06/07/2018 00:00,2354.85,288.18,20,8.789473684,Weekday,Tech & Gadgets
05/07/2018 00:00,5692.6,667.34,39,9.435897436,Weekday,Tech & Gadgets
04/07/2018 00:00,7422.71,974.53,44,7.272727273,Weekday,Tech & Gadgets
03/07/2018 00:00,4766.43,765.3,48,8.170212766,Weekday,Tech & Gadgets
02/07/2018 00:00,5419.33,778.08,41,8.3,Weekday,Tech & Gadgets
29/06/2018 00:00,4001.03,836.9,42,9.463414634,Weekday,Tech & Gadgets
28/06/2018 00:00,6993.81,887.13,45,9.045454545,Weekday,Tech & Gadgets
27/06/2018 00:00,4192.96,708.76,40,7.75,Weekday,Tech & Gadgets
26/06/2018 00:00,6720.83,901.62,49,7.916666667,Weekday,Tech & Gadgets
25/06/2018 00:00,9479.48,1215.26,62,7.032786885,Weekday,Tech & Gadgets
22/06/2018 00:00,9819.41,1022.18,45,9.844444444,Weekday,Tech & Gadgets
21/06/2018 00:00,7372.52,1369.95,60,10.08333333,Weekday,Tech & Gadgets
20/06/2018 00:00,7143.1,1253.63,48,9.446808511,Weekday,Tech & Gadgets
19/06/2018 00:00,6970.84,1066.8,48,8.723404255,Weekday,Tech & Gadgets
18/06/2018 00:00,6832.04,1089.65,51,8.137254902,Weekday,Tech & Gadgets
15/06/2018 00:00,2839.8,623.69,34,8.121212121,Weekday,Tech & Gadgets
14/06/2018 00:00,4779.48,661.99,38,8.552631579,Weekday,Tech & Gadgets
13/06/2018 00:00,7257.06,1059.55,39,9.837837838,Weekday,Tech & Gadgets
12/06/2018 00:00,9651.5,1550.3,59,9.305084746,Weekday,Tech & Gadgets
11/06/2018 00:00,12405.37,1706.77,66,10.53030303,Weekday,Tech & Gadgets
08/06/2018 00:00,5840.45,918.11,39,11.63157895,Weekday,Tech & Gadgets
07/06/2018 00:00,10204.24,1110.83,48,9.729166667,Weekday,Tech & Gadgets
06/06/2018 00:00,5833.56,1020.68,48,10.10416667,Weekday,Tech & Gadgets
05/06/2018 00:00,4810.95,688.28,30,10.34482759,Weekday,Tech & Gadgets
04/06/2018 00:00,5127.03,908,43,9.488372093,Weekday,Tech & Gadgets
01/06/2018 00:00,6344.8,763.94,38,14.36842105,Weekday,Tech & Gadgets
31/05/2018 00:00,9136.82,618.08,30,12.86206897,Weekday,Tech & Gadgets
30/05/2018 00:00,2848.49,560.54,28,13.07142857,Weekday,Tech & Gadgets
29/05/2018 00:00,6332.76,759.07,30,12.83333333,Weekday,Tech & Gadgets
28/05/2018 00:00,6396.55,599.18,31,12.4,Weekday,Tech & Gadgets
25/05/2018 00:00,4707.17,475.8,19,14.26315789,Weekday,Tech & Gadgets
24/05/2018 00:00,1406.76,184.87,14,10.14285714,Weekday,Tech & Gadgets
23/05/2018 00:00,2137.94,416.82,25,12.48,Weekday,Tech & Gadgets
22/05/2018 00:00,8695.93,870.77,36,14.25714286,Weekday,Tech & Gadgets
21/05/2018 00:00,8911.41,1012.19,51,16.34693878,Weekday,Tech & Gadgets
18/05/2018 00:00,8139.55,787.91,51,13.10416667,Weekday,Tech & Gadgets
17/05/2018 00:00,5289.17,656.95,43,13.26829268,Weekday,Tech & Gadgets
16/05/2018 00:00,10749.98,1180.41,73,12.7,Weekday,Tech & Gadgets
15/05/2018 00:00,7988.63,1367.02,78,10.50649351,Weekday,Tech & Gadgets
14/05/2018 00:00,9785.75,1746.41,79,10.30769231,Weekday,Tech & Gadgets
11/05/2018 00:00,9285.13,930.26,49,14.04166667,Weekday,Tech & Gadgets
10/05/2018 00:00,15791.61,1666.14,76,12.74666667,Weekday,Tech & Gadgets
09/05/2018 00:00,10575.81,1510.41,78,13.16,Weekday,Tech & Gadgets
08/05/2018 00:00,9172.01,1045.61,80,10.1,Weekday,Tech & Gadgets
07/05/2018 00:00,14457.35,1369.07,95,9.870967742,Weekday,Tech & Gadgets
04/05/2018 00:00,10764.41,1089.97,61,11.7,Weekday,Tech & Gadgets
03/05/2018 00:00,11943.06,1307.73,83,11.4556962,Weekday,Tech & Gadgets
02/05/2018 00:00,11958.1,1192.68,73,11.49275362,Weekday,Tech & Gadgets
01/05/2018 00:00,6228.5,684.89,55,10.16363636,Weekday,Tech & Gadgets
30/04/2018 00:00,7378.65,932,54,11.76923077,Weekday,Tech & Gadgets
27/04/2018 00:00,6250.48,833.4,59,12.47457627,Weekday,Tech & Gadgets
26/04/2018 00:00,6762.81,920.49,57,11.96491228,Weekday,Tech & Gadgets
25/04/2018 00:00,9908.02,1152.9,63,10.54098361,Weekday,Tech & Gadgets
24/04/2018 00:00,10869.45,862.38,61,10.27868852,Weekday,Tech & Gadgets
23/04/2018 00:00,6562.67,1050.38,59,12.27118644,Weekday,Tech & Gadgets
20/04/2018 00:00,8207,749.55,43,12.57142857,Weekday,Tech & Gadgets
19/04/2018 00:00,8542,1249.58,63,12.20967742,Weekday,Tech & Gadgets
18/04/2018 00:00,10359.92,1241.17,67,12.58730159,Weekday,Tech & Gadgets
17/04/2018 00:00,6378.62,1166.45,58,13.58928571,Weekday,Tech & Gadgets
16/04/2018 00:00,8414.53,1442.17,71,13.01470588,Weekday,Tech & Gadgets
13/04/2018 00:00,8234.93,995.32,41,13.10810811,Weekday,Tech & Gadgets
12/04/2018 00:00,6475.76,1173.62,52,13.37254902,Weekday,Tech & Gadgets
11/04/2018 00:00,10623.54,1093.27,56,12.01923077,Weekday,Tech & Gadgets
10/04/2018 00:00,5847.91,722.15,35,12.78787879,Weekday,Tech & Gadgets
09/04/2018 00:00,8175.41,1093.67,49,9.428571429,Weekday,Tech & Gadgets
06/04/2018 00:00,7158.88,718.36,40,10.92105263,Weekday,Tech & Gadgets
05/04/2018 00:00,7112.65,1008.76,44,13.37209302,Weekday,Tech & Gadgets
04/04/2018 00:00,8975.57,954.35,50,9.804347826,Weekday,Tech & Gadgets
03/04/2018 00:00,8788.43,1303.58,61,13.25,Weekday,Tech & Gadgets
02/04/2018 00:00,8755.4,1524.99,76,12.02666667,Weekday,Tech & Gadgets
30/03/2018 00:00,3171.92,644.7,27,15.92592593,Weekday,Tech & Gadgets
29/03/2018 00:00,9405.81,1002.67,49,17.36170213,Weekday,Tech & Gadgets
28/03/2018 00:00,10034.74,1119.87,55,14.62264151,Weekday,Tech & Gadgets
27/03/2018 00:00,7707.03,1191.34,57,12.71929825,Weekday,Tech & Gadgets
26/03/2018 00:00,7075.65,1612.24,74,12.89189189,Weekday,Tech & Gadgets
23/03/2018 00:00,6964.29,1264.16,66,13.79365079,Weekday,Tech & Gadgets
22/03/2018 00:00,6817.36,1042.9,54,15.24074074,Weekday,Tech & Gadgets
21/03/2018 00:00,13876.62,1371.23,65,13.49230769,Weekday,Tech & Gadgets
20/03/2018 00:00,7954.56,1252.88,62,16.01612903,Weekday,Tech & Gadgets
19/03/2018 00:00,15690.75,1813.91,83,16.2195122,Weekday,Tech & Gadgets
16/03/2018 00:00,6370.9,1220.55,60,16.92857143,Weekday,Tech & Gadgets
15/03/2018 00:00,13903.25,1481.69,68,16.88059701,Weekday,Tech & Gadgets
14/03/2018 00:00,6804.26,1183.06,53,16.51923077,Weekday,Tech & Gadgets
13/03/2018 00:00,6703.79,991.52,50,17.76,Weekday,Tech & Gadgets
12/03/2018 00:00,7926.56,1361.91,66,19.46969697,Weekday,Tech & Gadgets
09/03/2018 00:00,8094.1,1156.58,51,19.90196078,Weekday,Tech & Gadgets
08/03/2018 00:00,4571.8,1042.1,50,17.3877551,Weekday,Tech & Gadgets
07/03/2018 00:00,9640.45,1334.83,68,20.89393939,Weekday,Tech & Gadgets
06/03/2018 00:00,10498.35,1415.06,70,16.44285714,Weekday,Tech & Gadgets
05/03/2018 00:00,10170.45,1651.99,64,20.09836066,Weekday,Tech & Gadgets
02/03/2018 00:00,8015.53,1230.46,65,20.921875,Weekday,Tech & Gadgets
01/03/2018 00:00,8219.97,1457.63,71,20,Weekday,Tech & Gadgets
28/02/2018 00:00,11138.31,1500.81,79,18.58666667,Weekday,Tech & Gadgets
27/02/2018 00:00,9657.11,1659.89,86,21.01176471,Weekday,Tech & Gadgets
26/02/2018 00:00,9136,1524.93,75,21.28767123,Weekday,Tech & Gadgets
23/02/2018 00:00,6955.63,1030.68,56,19.54545455,Weekday,Tech & Gadgets
22/02/2018 00:00,12216.85,1946.22,87,19.74117647,Weekday,Tech & Gadgets
21/02/2018 00:00,10704,1554.76,78,17.42105263,Weekday,Tech & Gadgets
20/02/2018 00:00,7742.41,1510.62,84,17.14457831,Weekday,Tech & Gadgets
19/02/2018 00:00,8618.31,1886.5,88,16.98850575,Weekday,Tech & Gadgets
16/02/2018 00:00,6116.9,1328.58,65,17.34375,Weekday,Tech & Gadgets
15/02/2018 00:00,4854.96,972.99,60,15.15254237,Weekday,Tech & Gadgets
14/02/2018 00:00,6959.2,1139.55,54,16.90740741,Weekday,Tech & Gadgets
13/02/2018 00:00,3266.83,731.89,46,16.04444444,Weekday,Tech & Gadgets
12/02/2018 00:00,5981.46,958.57,57,19.80357143,Weekday,Tech & Gadgets
09/02/2018 00:00,7726.24,1069.95,62,16.96774194,Weekday,Tech & Gadgets
08/02/2018 00:00,9158.82,1306.48,70,16.98529412,Weekday,Tech & Gadgets
07/02/2018 00:00,6364.95,1319.32,65,16.06153846,Weekday,Tech & Gadgets
06/02/2018 00:00,8497.32,1243.61,67,14.78787879,Weekday,Tech & Gadgets
05/02/2018 00:00,7230.91,1235.42,69,18.58823529,Weekday,Tech & Gadgets
02/02/2018 00:00,6964.39,1380.43,64,20.47619048,Weekday,Tech & Gadgets
01/02/2018 00:00,9470.18,1277.91,69,17.19117647,Weekday,Tech & Gadgets
31/01/2018 00:00,10230.97,1654.67,89,15.04597701,Weekday,Tech & Gadgets
30/01/2018 00:00,8585.3,1452.31,80,14.33766234,Weekday,Tech & Gadgets
29/01/2018 00:00,5243.98,1221.44,59,15.55932203,Weekday,Tech & Gadgets
26/01/2018 00:00,5022,1019.02,57,13.69090909,Weekday,Tech & Gadgets
25/01/2018 00:00,7088.82,1114.28,63,16.24590164,Weekday,Tech & Gadgets
24/01/2018 00:00,10051.3,1079.65,65,15.42857143,Weekday,Tech & Gadgets
23/01/2018 00:00,7581.9,998.59,57,16.96296296,Weekday,Tech & Gadgets
22/01/2018 00:00,9867.71,1538.45,87,12.95402299,Weekday,Tech & Gadgets
19/01/2018 00:00,6498.4,1115.66,56,14.03636364,Weekday,Tech & Gadgets
18/01/2018 00:00,6683.72,1140.93,60,14.15254237,Weekday,Tech & Gadgets
17/01/2018 00:00,5511.89,1035.15,59,12.28070175,Weekday,Tech & Gadgets
16/01/2018 00:00,8537.27,1211.1,61,14.19672131,Weekday,Tech & Gadgets
15/01/2018 00:00,9634.85,1398.27,72,13.3943662,Weekday,Tech & Gadgets
12/01/2018 00:00,8364.52,1346.12,63,13.06557377,Weekday,Tech & Gadgets
11/01/2018 00:00,8655.32,1440.67,61,13.81666667,Weekday,Tech & Gadgets
10/01/2018 00:00,9150.47,1382.9,57,15.78181818,Weekday,Tech & Gadgets
09/01/2018 00:00,6966.34,957.27,48,12.83333333,Weekday,Tech & Gadgets
08/01/2018 00:00,9332.43,1468.44,66,13.19047619,Weekday,Tech & Gadgets
05/01/2018 00:00,5712.51,770.88,41,14.05882353,Weekday,Tech & Gadgets
04/01/2018 00:00,6683.64,934.97,46,13.23255814,Weekday,Tech & Gadgets
03/01/2018 00:00,7919.22,1112.09,59,12.31034483,Weekday,Tech & Gadgets
02/01/2018 00:00,4518.58,830.93,44,12.25,Weekday,Tech & Gadgets
01/01/2018 00:00,1807.29,353.71,22,10.0952381,Weekday,Tech & Gadgets
29/12/2017 00:00,4785.88,483.66,33,12.3125,Weekday,Tech & Gadgets
28/12/2017 00:00,3215.1,532.57,31,12.32142857,Weekday,Tech & Gadgets
27/12/2017 00:00,2751.59,566.97,33,12.54545455,Weekday,Tech & Gadgets
26/12/2017 00:00,6184.37,1013.86,50,12.55102041,Weekday,Tech & Gadgets
25/12/2017 00:00,1641.36,323.96,22,13.09090909,Weekday,Tech & Gadgets
22/12/2017 00:00,4131.51,526.11,27,16.23076923,Weekday,Tech & Gadgets
21/12/2017 00:00,4904.37,597.34,31,16.29032258,Weekday,Tech & Gadgets
20/12/2017 00:00,5654.06,1063.94,41,17.68292683,Weekday,Tech & Gadgets
19/12/2017 00:00,4203.39,599.53,37,14.55555556,Weekday,Tech & Gadgets
18/12/2017 00:00,5767.7,957.76,51,13.31372549,Weekday,Tech & Gadgets
15/12/2017 00:00,8707.7,772.32,40,16.79487179,Weekday,Tech & Gadgets
14/12/2017 00:00,3712.24,697.6,39,17.74358974,Weekday,Tech & Gadgets
13/12/2017 00:00,5992.26,691.82,37,15.83783784,Weekday,Tech & Gadgets
12/12/2017 00:00,7307.86,942.07,59,14.33333333,Weekday,Tech & Gadgets
11/12/2017 00:00,6725.86,967.76,53,16.63461538,Weekday,Tech & Gadgets
08/12/2017 00:00,4202.69,596.37,34,17,Weekday,Tech & Gadgets
07/12/2017 00:00,4837.97,769.48,39,11.74358974,Weekday,Tech & Gadgets
06/12/2017 00:00,6578.1,861.88,49,17.02083333,Weekday,Tech & Gadgets
05/12/2017 00:00,6398.01,810.92,48,14.38297872,Weekday,Tech & Gadgets
04/12/2017 00:00,10975.19,1296.27,66,15.90769231,Weekday,Tech & Gadgets
01/12/2017 00:00,10276,1152.99,60,16,Weekday,Tech & Gadgets
30/11/2017 00:00,6693.97,895.49,50,17.57142857,Weekday,Tech & Gadgets
29/11/2017 00:00,7518.92,1604.18,79,18.23376623,Weekday,Tech & Gadgets
28/11/2017 00:00,8485.33,1335.88,76,15.05479452,Weekday,Tech & Gadgets
27/11/2017 00:00,12755.53,1689.59,79,16.09210526,Weekday,Tech & Gadgets
24/11/2017 00:00,36885.82,4789.88,257,16.9375,Weekday,Tech & Gadgets
23/11/2017 00:00,11660.98,1312.76,59,17.2962963,Weekday,Tech & Gadgets
22/11/2017 00:00,5841.66,803.7,41,17.15,Weekday,Tech & Gadgets
21/11/2017 00:00,8912.45,909.82,42,12.41463415,Weekday,Tech & Gadgets
20/11/2017 00:00,10188.58,1137.07,49,12.97959184,Weekday,Tech & Gadgets
17/11/2017 00:00,7786.53,782.94,41,13.4,Weekday,Tech & Gadgets
16/11/2017 00:00,4094.11,688.37,41,13.17948718,Weekday,Tech & Gadgets
15/11/2017 00:00,4376.41,658.01,40,12.05128205,Weekday,Tech & Gadgets
14/11/2017 00:00,4762.17,694.38,38,12.94736842,Weekday,Tech & Gadgets
13/11/2017 00:00,6700.65,1016.48,45,12.88636364,Weekday,Tech & Gadgets
10/11/2017 00:00,4541.92,724.6,41,12.23076923,Weekday,Tech & Gadgets
09/11/2017 00:00,7405.8,754.85,39,12.18421053,Weekday,Tech & Gadgets
08/11/2017 00:00,4851.49,643.45,38,11.10526316,Weekday,Tech & Gadgets
07/11/2017 00:00,4874.27,585.29,32,9.96875,Weekday,Tech & Gadgets
06/11/2017 00:00,9128.38,966.19,43,11.92682927,Weekday,Tech & Gadgets
03/11/2017 00:00,5206.99,507.17,30,11.2,Weekday,Tech & Gadgets
02/11/2017 00:00,7330.36,616.96,26,11.57692308,Weekday,Tech & Gadgets
01/11/2017 00:00,8650.81,881,31,14.26666667,Weekday,Tech & Gadgets
31/10/2017 00:00,10920.6,752.84,40,11.775,Weekday,Tech & Gadgets
30/10/2017 00:00,6448.84,711.13,36,10.55555556,Weekday,Tech & Gadgets
27/10/2017 00:00,8836.41,908.82,35,14.70588235,Weekday,Tech & Gadgets
26/10/2017 00:00,5372.5,514.07,30,9.413793103,Weekday,Tech & Gadgets
25/10/2017 00:00,2858.23,654.82,31,11.16129032,Weekday,Tech & Gadgets
24/10/2017 00:00,8780.51,1062.46,40,10.87179487,Weekday,Tech & Gadgets
23/10/2017 00:00,6157.15,776.55,39,11.16666667,Weekday,Tech & Gadgets
20/10/2017 00:00,3676.4,486.5,27,10.76923077,Weekday,Tech & Gadgets
19/10/2017 00:00,7358.11,667.85,39,12.94736842,Weekday,Tech & Gadgets
18/10/2017 00:00,6678.43,868.01,37,13.51351351,Weekday,Tech & Gadgets
17/10/2017 00:00,8504.64,1249.91,53,12.76923077,Weekday,Tech & Gadgets
16/10/2017 00:00,11095.51,1069.22,56,10.54716981,Weekday,Tech & Gadgets
13/10/2017 00:00,7166.43,787.59,37,12.86111111,Weekday,Tech & Gadgets
12/10/2017 00:00,3979.63,473.23,30,10.55172414,Weekday,Tech & Gadgets
11/10/2017 00:00,7606.4,772.12,37,11.48571429,Weekday,Tech & Gadgets
10/10/2017 00:00,12527.98,843.88,38,12.78947368,Weekday,Tech & Gadgets
09/10/2017 00:00,6599.05,843.68,43,12.75,Weekday,Tech & Gadgets
06/10/2017 00:00,1231.88,204.47,14,11.5,Weekday,Tech & Gadgets
05/10/2017 00:00,10174.22,593.26,25,10.75,Weekday,Tech & Gadgets
04/10/2017 00:00,4835.83,619.01,32,13.15625,Weekday,Tech & Gadgets
03/10/2017 00:00,6560.61,512.89,31,9.482758621,Weekday,Tech & Gadgets
02/10/2017 00:00,5399.37,478.5,28,11.22222222,Weekday,Tech & Gadgets
29/09/2017 00:00,18140.64,722.62,27,13.72,Weekday,Tech & Gadgets
28/09/2017 00:00,4103.76,478.9,26,10.92,Weekday,Tech & Gadgets
27/09/2017 00:00,6268.27,728.12,32,11.90625,Weekday,Tech & Gadgets
26/09/2017 00:00,4709.63,513.19,31,10.77419355,Weekday,Tech & Gadgets
25/09/2017 00:00,4791.47,695.19,31,12.03448276,Weekday,Tech & Gadgets
22/09/2017 00:00,4878.69,468.58,28,12.14814815,Weekday,Tech & Gadgets
21/09/2017 00:00,2710.17,399.53,21,13.47619048,Weekday,Tech & Gadgets
20/09/2017 00:00,2207.27,534.87,23,14.27272727,Weekday,Tech & Gadgets
19/09/2017 00:00,5106.17,678.83,31,12.73333333,Weekday,Tech & Gadgets
18/09/2017 00:00,6581.51,500.16,26,11.04,Weekday,Tech & Gadgets
15/09/2017 00:00,3867.71,575.91,27,11.26923077,Weekday,Tech & Gadgets
14/09/2017 00:00,5446.94,553.09,26,10.42307692,Weekday,Tech & Gadgets
13/09/2017 00:00,4226.9,594.85,36,13.16666667,Weekday,Tech & Gadgets
12/09/2017 00:00,7375.69,1253.74,42,10.76190476,Weekday,Tech & Gadgets
11/09/2017 00:00,3106.42,424.19,26,10.42307692,Weekday,Tech & Gadgets
08/09/2017 00:00,1972.47,523.05,23,11.65217391,Weekday,Tech & Gadgets
07/09/2017 00:00,5529.09,389.47,20,11.35,Weekday,Tech & Gadgets
06/09/2017 00:00,11249.3,714.08,34,12.76470588,Weekday,Tech & Gadgets
05/09/2017 00:00,4494.82,590.97,31,12.06666667,Weekday,Tech & Gadgets
04/09/2017 00:00,12012.72,874.69,42,12.2195122,Weekday,Tech & Gadgets
01/09/2017 00:00,13934.59,864.63,40,12.07894737,Weekday,Tech & Gadgets
31/08/2017 00:00,5561.29,706.99,37,13.45454545,Weekday,Tech & Gadgets
30/08/2017 00:00,14306.16,921.56,41,11.33333333,Weekday,Tech & Gadgets
29/08/2017 00:00,21099.17,895.96,35,12.45714286,Weekday,Tech & Gadgets
28/08/2017 00:00,6425.55,626.97,28,10.92592593,Weekday,Tech & Gadgets
25/08/2017 00:00,2905.54,304.21,21,9.1,Weekday,Tech & Gadgets
24/08/2017 00:00,2438.76,441.79,23,14.43478261,Weekday,Tech & Gadgets
23/08/2017 00:00,4804.14,606.14,24,11.58333333,Weekday,Tech & Gadgets
22/08/2017 00:00,2817.14,361.03,23,9.434782609,Weekday,Tech & Gadgets
21/08/2017 00:00,4038.51,857.51,34,11.51515152,Weekday,Tech & Gadgets
18/08/2017 00:00,2368.22,489.16,26,9,Weekday,Tech & Gadgets
17/08/2017 00:00,3090.93,455.08,25,9.16,Weekday,Tech & Gadgets
16/08/2017 00:00,3011.41,618.01,29,9.482758621,Weekday,Tech & Gadgets
15/08/2017 00:00,3961.57,555.98,31,10.46666667,Weekday,Tech & Gadgets
14/08/2017 00:00,2119.78,435.04,28,10.42857143,Weekday,Tech & Gadgets
11/08/2017 00:00,3397.35,521.7,27,11.25925926,Weekday,Tech & Gadgets
10/08/2017 00:00,3499.54,574.71,28,11.64285714,Weekday,Tech & Gadgets
09/08/2017 00:00,2889.3,355.56,23,10.72727273,Weekday,Tech & Gadgets
08/08/2017 00:00,3871.99,428.28,21,11.52380952,Weekday,Tech & Gadgets
07/08/2017 00:00,3602.83,467.65,27,11.92592593,Weekday,Tech & Gadgets
04/08/2017 00:00,5214.6,522.08,33,11.18181818,Weekday,Tech & Gadgets
03/08/2017 00:00,3889.8,614.5,37,10.24324324,Weekday,Tech & Gadgets
02/08/2017 00:00,4040.01,493.17,33,9.03125,Weekday,Tech & Gadgets
01/08/2017 00:00,2218.17,464.87,28,11.64285714,Weekday,Tech & Gadgets
31/07/2017 00:00,3826.31,559.07,34,9.696969697,Weekday,Tech & Gadgets
28/07/2017 00:00,1202.68,280.13,14,10.85714286,Weekday,Tech & Gadgets
27/07/2017 00:00,4650.11,569.68,27,11.66666667,Weekday,Tech & Gadgets
26/07/2017 00:00,2025.63,517.13,29,8,Weekday,Tech & Gadgets
25/07/2017 00:00,4250.38,569.05,31,12.58064516,Weekday,Tech & Gadgets
24/07/2017 00:00,3205.57,511.38,32,15.3125,Weekday,Tech & Gadgets
21/07/2017 00:00,2386.57,399.31,21,14.19047619,Weekday,Tech & Gadgets
20/07/2017 00:00,3846.65,358.37,22,12.28571429,Weekday,Tech & Gadgets
19/07/2017 00:00,3249.93,539.44,25,10.75,Weekday,Tech & Gadgets
18/07/2017 00:00,5464.19,791.24,34,11.17647059,Weekday,Tech & Gadgets
17/07/2017 00:00,3859.31,424.43,23,10.39130435,Weekday,Tech & Gadgets
14/07/2017 00:00,3883.31,618.95,33,13.3030303,Weekday,Tech & Gadgets
13/07/2017 00:00,2422.87,491.04,24,12.0952381,Weekday,Tech & Gadgets
12/07/2017 00:00,4035.77,455.1,24,13.43478261,Weekday,Tech & Gadgets
11/07/2017 00:00,3990.66,618.49,36,12.25714286,Weekday,Tech & Gadgets
10/07/2017 00:00,2729.14,494.34,19,13.68421053,Weekday,Tech & Gadgets
07/07/2017 00:00,2904.22,484.79,25,11.08,Weekday,Tech & Gadgets
06/07/2017 00:00,7405.74,726.03,28,12.19230769,Weekday,Tech & Gadgets
05/07/2017 00:00,4776.21,385.26,20,13.4,Weekday,Tech & Gadgets
04/07/2017 00:00,3407.42,346.05,19,13.05555556,Weekday,Tech & Gadgets
03/07/2017 00:00,2007.46,265.73,17,12.13333333,Weekday,Tech & Gadgets
30/06/2017 00:00,746.67,229.18,12,13.25,Weekday,Tech & Gadgets
29/06/2017 00:00,716.27,241.23,12,17.25,Weekday,Tech & Gadgets
28/06/2017 00:00,1774.74,306.64,17,16,Weekday,Tech & Gadgets
27/06/2017 00:00,3368.63,385.94,22,12.5,Weekday,Tech & Gadgets
26/06/2017 00:00,4423.68,288.86,10,9.444444444,Weekday,Tech & Gadgets
23/06/2017 00:00,3257.75,383.22,19,12.17647059,Weekday,Tech & Gadgets
22/06/2017 00:00,2019.54,181.4,13,10.15384615,Weekday,Tech & Gadgets
21/06/2017 00:00,593.5,162.53,4,11.75,Weekday,Tech & Gadgets
20/06/2017 00:00,1748.32,354.87,18,10.33333333,Weekday,Tech & Gadgets
19/06/2017 00:00,4484.06,575.2,33,11.78125,Weekday,Tech & Gadgets
16/06/2017 00:00,2535.69,400.08,26,11.88461538,Weekday,Tech & Gadgets
15/06/2017 00:00,1708.54,321.98,19,12.44444444,Weekday,Tech & Gadgets
14/06/2017 00:00,4455.66,360.64,20,11.6,Weekday,Tech & Gadgets
13/06/2017 00:00,2422.65,399.82,25,10.70833333,Weekday,Tech & Gadgets
12/06/2017 00:00,4757.17,734.68,39,10.27027027,Weekday,Tech & Gadgets
09/06/2017 00:00,4123.48,582.84,31,12.23333333,Weekday,Tech & Gadgets
08/06/2017 00:00,4124.77,529.09,25,12.125,Weekday,Tech & Gadgets
07/06/2017 00:00,1823,342.63,19,14.78947368,Weekday,Tech & Gadgets
06/06/2017 00:00,2589.28,345.8,22,11,Weekday,Tech & Gadgets
05/06/2017 00:00,6728.01,434.03,23,9.090909091,Weekday,Tech & Gadgets
02/06/2017 00:00,5286.62,523.88,27,11.72,Weekday,Tech & Gadgets
01/06/2017 00:00,6931.03,452.66,25,10.88,Weekday,Tech & Gadgets
31/05/2017 00:00,4490.7,521.99,26,11.52,Weekday,Tech & Gadgets
30/05/2017 00:00,2809.5,456.89,22,10.9047619,Weekday,Tech & Gadgets
29/05/2017 00:00,2632.57,383,26,10.26086957,Weekday,Tech & Gadgets
26/05/2017 00:00,506.13,146.7,8,8.375,Weekday,Tech & Gadgets
25/05/2017 00:00,4076.96,361.05,21,9.25,Weekday,Tech & Gadgets
24/05/2017 00:00,5820.74,697.9,37,9.756756757,Weekday,Tech & Gadgets
23/05/2017 00:00,3048.92,402.46,23,9.80952381,Weekday,Tech & Gadgets
22/05/2017 00:00,3575.41,437.91,20,10.25,Weekday,Tech & Gadgets
19/05/2017 00:00,4662.22,619.58,30,10.14814815,Weekday,Tech & Gadgets
18/05/2017 00:00,6350.08,531.03,27,10.62962963,Weekday,Tech & Gadgets
17/05/2017 00:00,4437.76,586.3,31,17.36666667,Weekday,Tech & Gadgets
16/05/2017 00:00,4935.36,578.33,32,10.78125,Weekday,Tech & Gadgets
15/05/2017 00:00,3216.7,562.61,27,9.851851852,Weekday,Tech & Gadgets
12/05/2017 00:00,2196.31,351.36,19,11,Weekday,Tech & Gadgets
11/05/2017 00:00,5161.07,500.13,28,10.85714286,Weekday,Tech & Gadgets
10/05/2017 00:00,8210.15,554.52,26,10.64,Weekday,Tech & Gadgets
09/05/2017 00:00,7071.39,998.57,36,14,Weekday,Tech & Gadgets
08/05/2017 00:00,2958.09,398.23,18,10.72222222,Weekday,Tech & Gadgets
05/05/2017 00:00,2216.66,295.95,18,10.22222222,Weekday,Tech & Gadgets
04/05/2017 00:00,1761.17,336.58,17,13.17647059,Weekday,Tech & Gadgets
03/05/2017 00:00,856.9,361.77,19,15.16666667,Weekday,Tech & Gadgets
02/05/2017 00:00,3144.32,376.65,22,14.68181818,Weekday,Tech & Gadgets
01/05/2017 00:00,1283.78,360.88,18,17.61111111,Weekday,Tech & Gadgets
28/04/2017 00:00,4613.59,421.01,23,15.56521739,Weekday,Tech & Gadgets
27/04/2017 00:00,1086.97,389.81,18,14.44444444,Weekday,Tech & Gadgets
26/04/2017 00:00,2029.49,386.25,21,14.47619048,Weekday,Tech & Gadgets
25/04/2017 00:00,3311.14,544.68,32,12.4375,Weekday,Tech & Gadgets
24/04/2017 00:00,1997.6,367.05,19,16.55555556,Weekday,Tech & Gadgets
21/04/2017 00:00,1582.66,171.52,11,12.81818182,Weekday,Tech & Gadgets
20/04/2017 00:00,1468.87,258.3,14,15.71428571,Weekday,Tech & Gadgets
19/04/2017 00:00,2279.47,370.81,16,17.125,Weekday,Tech & Gadgets
18/04/2017 00:00,1023.68,200.67,10,14.5,Weekday,Tech & Gadgets
17/04/2017 00:00,1492.68,241.82,14,13.76923077,Weekday,Tech & Gadgets
14/04/2017 00:00,2293.78,254.38,14,16.72727273,Weekday,Tech & Gadgets
13/04/2017 00:00,1243.95,159.66,9,16.44444444,Weekday,Tech & Gadgets
12/04/2017 00:00,730.18,91.33,7,10.42857143,Weekday,Tech & Gadgets
11/04/2017 00:00,1636.69,244.92,14,17.61538462,Weekday,Tech & Gadgets
10/04/2017 00:00,2745.08,239.9,13,15.61538462,Weekday,Tech & Gadgets
07/04/2017 00:00,3987.75,329.04,17,10.9375,Weekday,Tech & Gadgets
06/04/2017 00:00,5691.95,400.78,17,21.6875,Weekday,Tech & Gadgets
05/04/2017 00:00,5585.28,279.87,15,9.666666667,Weekday,Tech & Gadgets
04/04/2017 00:00,2660.48,366.45,20,22.55,Weekday,Tech & Gadgets
03/04/2017 00:00,710.27,202.69,11,13.36363636,Weekday,Tech & Gadgets
31/03/2017 00:00,3206.43,305.21,19,13.31578947,Weekday,Tech & Gadgets
30/03/2017 00:00,2488.59,316.49,14,14.46153846,Weekday,Tech & Gadgets
29/03/2017 00:00,1016.84,212.06,12,11.58333333,Weekday,Tech & Gadgets
28/03/2017 00:00,2661.19,404.26,22,10.42857143,Weekday,Tech & Gadgets
27/03/2017 00:00,6753.47,618.48,31,11.22580645,Weekday,Tech & Gadgets
24/03/2017 00:00,1454.37,283.58,16,15.75,Weekday,Tech & Gadgets
23/03/2017 00:00,4139.63,430.07,21,14.4,Weekday,Tech & Gadgets
22/03/2017 00:00,3595.1,458.33,24,11.47826087,Weekday,Tech & Gadgets
21/03/2017 00:00,2538.15,383.64,21,11.55,Weekday,Tech & Gadgets
20/03/2017 00:00,4144.98,308.02,14,14.21428571,Weekday,Tech & Gadgets
17/03/2017 00:00,2028.21,235.4,6,10.5,Weekday,Tech & Gadgets
16/03/2017 00:00,3338.55,394.23,21,12.66666667,Weekday,Tech & Gadgets
15/03/2017 00:00,3477.81,380.98,17,11.88235294,Weekday,Tech & Gadgets
14/03/2017 00:00,677.28,194.08,12,9.75,Weekday,Tech & Gadgets
13/03/2017 00:00,2734.19,292.62,16,13.8125,Weekday,Tech & Gadgets
10/03/2017 00:00,2892.39,490.27,22,11,Weekday,Tech & Gadgets
09/03/2017 00:00,1367.54,348.17,13,27.25,Weekday,Tech & Gadgets
08/03/2017 00:00,5796.06,319.71,17,13.26666667,Weekday,Tech & Gadgets
07/03/2017 00:00,2401.1,277.51,14,25.61538462,Weekday,Tech & Gadgets
06/03/2017 00:00,754.02,279.41,17,8.117647059,Weekday,Tech & Gadgets
03/03/2017 00:00,3447.06,274.73,16,16.4375,Weekday,Tech & Gadgets
02/03/2017 00:00,803.25,233.49,15,9.6,Weekday,Tech & Gadgets
01/03/2017 00:00,1397.77,258.45,13,10.15384615,Weekday,Tech & Gadgets
28/02/2017 00:00,1370.13,290.79,10,13.4,Weekday,Tech & Gadgets
27/02/2017 00:00,2396.84,229.43,10,12.33333333,Weekday,Tech & Gadgets
24/02/2017 00:00,1511.61,220.9,13,16.46153846,Weekday,Tech & Gadgets
23/02/2017 00:00,915.37,283.64,12,13.25,Weekday,Tech & Gadgets
22/02/2017 00:00,399.86,86.52,6,13.66666667,Weekday,Tech & Gadgets
21/02/2017 00:00,4164.32,260.49,13,13.16666667,Weekday,Tech & Gadgets
20/02/2017 00:00,1271.81,319.29,16,13.875,Weekday,Tech & Gadgets
17/02/2017 00:00,615.68,174.02,10,15.3,Weekday,Tech & Gadgets
16/02/2017 00:00,922.49,140.66,9,12.66666667,Weekday,Tech & Gadgets
15/02/2017 00:00,260.78,92.88,5,9.25,Weekday,Tech & Gadgets
14/02/2017 00:00,1967.33,281.44,16,12.46666667,Weekday,Tech & Gadgets
13/02/2017 00:00,616.67,163.38,11,10.5,Weekday,Tech & Gadgets
10/02/2017 00:00,6468.27,253.63,13,14.75,Weekday,Tech & Gadgets
09/02/2017 00:00,505.68,124.45,10,9.6,Weekday,Tech & Gadgets
08/02/2017 00:00,1709.47,131.06,8,8.125,Weekday,Tech & Gadgets
07/02/2017 00:00,4109.1,356.8,18,11.16666667,Weekday,Tech & Gadgets
06/02/2017 00:00,1313.52,220.38,12,14.8,Weekday,Tech & Gadgets
03/02/2017 00:00,1658.61,175.34,6,29.4,Weekday,Tech & Gadgets
02/02/2017 00:00,2820.94,323.23,17,14.35294118,Weekday,Tech & Gadgets
01/02/2017 00:00,1295.5,211.27,13,10.90909091,Weekday,Tech & Gadgets
31/01/2017 00:00,4257.51,166.28,9,17.44444444,Weekday,Tech & Gadgets
30/01/2017 00:00,2920.36,174,6,11.33333333,Weekday,Tech & Gadgets
27/01/2017 00:00,4067.44,250.1,11,10.81818182,Weekday,Tech & Gadgets
26/01/2017 00:00,2684.56,177.9,9,16.22222222,Weekday,Tech & Gadgets
25/01/2017 00:00,1007.55,126.88,8,8.428571429,Weekday,Tech & Gadgets
24/01/2017 00:00,958.87,51.59,3,11,Weekday,Tech & Gadgets
23/01/2017 00:00,395.74,56.48,4,5,Weekday,Tech & Gadgets
20/01/2017 00:00,491.89,68.06,3,18.66666667,Weekday,Tech & Gadgets
19/01/2017 00:00,132.29,55.89,4,26,Weekday,Tech & Gadgets
18/01/2017 00:00,1220.57,112.34,7,10.5,Weekday,Tech & Gadgets
17/01/2017 00:00,556.68,97.21,6,12.5,Weekday,Tech & Gadgets
16/01/2017 00:00,292.95,86.75,5,8,Weekday,Tech & Gadgets
13/01/2017 00:00,279,26.44,1,13,Weekday,Tech & Gadgets
12/01/2017 00:00,1169.38,105.95,5,22.5,Weekday,Tech & Gadgets
11/01/2017 00:00,895.98,57.47,3,6.5,Weekday,Tech & Gadgets
10/01/2017 00:00,699.17,20.59,1,16,Weekday,Tech & Gadgets
06/01/2017 00:00,120.39,25.9,2,6.5,Weekday,Tech & Gadgets
29/08/2018 00:00,639.45,80.69,5,1,Weekday,Lifestyle
28/08/2018 00:00,1075.88,122.42,13,1.538461538,Weekday,Lifestyle
27/08/2018 00:00,2628.36,335.9,27,2.407407407,Weekday,Lifestyle
24/08/2018 00:00,2703.43,381.97,30,5.275862069,Weekday,Lifestyle
23/08/2018 00:00,6245.05,941.85,55,5.581818182,Weekday,Lifestyle
22/08/2018 00:00,6355.22,1091.59,54,5.685185185,Weekday,Lifestyle
21/08/2018 00:00,11288.79,1707.09,95,5.221052632,Weekday,Lifestyle
20/08/2018 00:00,9697.65,1547.87,89,6.04494382,Weekday,Lifestyle
17/08/2018 00:00,9489.23,1867.82,84,7.792682927,Weekday,Lifestyle
16/08/2018 00:00,11848.72,1943.94,110,7.527777778,Weekday,Lifestyle
15/08/2018 00:00,20093.26,2173.19,87,7.149425287,Weekday,Lifestyle
14/08/2018 00:00,10824.37,1888.79,87,7.494117647,Weekday,Lifestyle
13/08/2018 00:00,10683.96,1969.56,86,7.534883721,Weekday,Lifestyle
10/08/2018 00:00,8633.58,1483.8,71,9.742857143,Weekday,Lifestyle
09/08/2018 00:00,14259.69,2017.36,97,8.572916667,Weekday,Lifestyle
08/08/2018 00:00,8840.82,1967.05,95,7.989130435,Weekday,Lifestyle
07/08/2018 00:00,17654.75,2340.95,116,8.165137615,Weekday,Lifestyle
06/08/2018 00:00,16706.59,2458.4,117,8.375,Weekday,Lifestyle
03/08/2018 00:00,13806.8,2409.21,118,9.112068966,Weekday,Lifestyle
02/08/2018 00:00,12210.41,1960.34,92,8.802197802,Weekday,Lifestyle
01/08/2018 00:00,13048.02,2525.63,99,8.608247423,Weekday,Lifestyle
31/07/2018 00:00,8937.31,1611.07,85,7.337349398,Weekday,Lifestyle
30/07/2018 00:00,12444.44,2061.35,89,7.954022989,Weekday,Lifestyle
27/07/2018 00:00,7037.69,1229.29,60,8.824561404,Weekday,Lifestyle
26/07/2018 00:00,10372.85,1956,78,7.58974359,Weekday,Lifestyle
25/07/2018 00:00,11491.25,2021.71,83,7.617283951,Weekday,Lifestyle
24/07/2018 00:00,16524.04,1936.85,80,8.743589744,Weekday,Lifestyle
23/07/2018 00:00,13114.74,2509.18,96,8.138297872,Weekday,Lifestyle
20/07/2018 00:00,7832.61,1638.1,63,9.322580645,Weekday,Lifestyle
19/07/2018 00:00,9670.7,1511.83,75,8.432432432,Weekday,Lifestyle
18/07/2018 00:00,12446.98,2020.93,91,9.582417582,Weekday,Lifestyle
17/07/2018 00:00,8786.87,1527.71,67,10.96923077,Weekday,Lifestyle
16/07/2018 00:00,11118.05,2082.71,79,9.689189189,Weekday,Lifestyle
13/07/2018 00:00,8483.46,1432.94,43,12.39534884,Weekday,Lifestyle
12/07/2018 00:00,12977.3,1265.29,36,13.48484848,Weekday,Lifestyle
11/07/2018 00:00,5271.08,1039.74,40,12.47368421,Weekday,Lifestyle
10/07/2018 00:00,4592.14,986.49,45,9.545454545,Weekday,Lifestyle
09/07/2018 00:00,6881.34,1321.18,66,9.390625,Weekday,Lifestyle
06/07/2018 00:00,4963.45,905.08,40,10.1,Weekday,Lifestyle
05/07/2018 00:00,7937.04,1801.81,66,9.430769231,Weekday,Lifestyle
04/07/2018 00:00,11657.69,1783.23,86,8.506024096,Weekday,Lifestyle
03/07/2018 00:00,9840.52,1824.67,78,8.320512821,Weekday,Lifestyle
02/07/2018 00:00,5381.28,1065.17,56,7.4,Weekday,Lifestyle
29/06/2018 00:00,5350.92,1309.6,48,8.8125,Weekday,Lifestyle
28/06/2018 00:00,10093.13,2240.59,87,8.317647059,Weekday,Lifestyle
27/06/2018 00:00,8127.4,1589.51,66,8.833333333,Weekday,Lifestyle
26/06/2018 00:00,8133.15,1578.62,67,8.106060606,Weekday,Lifestyle
25/06/2018 00:00,7203.81,1578.89,73,7.694444444,Weekday,Lifestyle
22/06/2018 00:00,5937.97,975.15,56,9.240740741,Weekday,Lifestyle
21/06/2018 00:00,9024.81,1557.47,75,9.256756757,Weekday,Lifestyle
20/06/2018 00:00,7332.34,1646.32,70,8.2,Weekday,Lifestyle
19/06/2018 00:00,10084.86,1362.74,69,7.926470588,Weekday,Lifestyle
18/06/2018 00:00,12718.82,2086.81,86,7.011627907,Weekday,Lifestyle
15/06/2018 00:00,10334.36,1553.48,62,10.1,Weekday,Lifestyle
14/06/2018 00:00,11042.38,2116.26,76,9.106666667,Weekday,Lifestyle
13/06/2018 00:00,14426.17,2505.96,98,8.75257732,Weekday,Lifestyle
12/06/2018 00:00,10116.25,1713.66,74,8.283783784,Weekday,Lifestyle
11/06/2018 00:00,15640.12,2107.87,89,9.651685393,Weekday,Lifestyle
08/06/2018 00:00,11136.85,1710.45,75,10.59722222,Weekday,Lifestyle
07/06/2018 00:00,11097.56,1761.34,78,10.41025641,Weekday,Lifestyle
06/06/2018 00:00,7351.7,1598.34,68,11.32352941,Weekday,Lifestyle
05/06/2018 00:00,12607.65,1648.11,63,10.36507937,Weekday,Lifestyle
04/06/2018 00:00,9718.68,1564.61,65,8.523809524,Weekday,Lifestyle
01/06/2018 00:00,7678,1354.06,53,11.35849057,Weekday,Lifestyle
31/05/2018 00:00,8757.19,958.16,41,9.853658537,Weekday,Lifestyle
30/05/2018 00:00,5345.91,922.56,46,13.86666667,Weekday,Lifestyle
29/05/2018 00:00,10804.31,1319.65,51,9.980392157,Weekday,Lifestyle
28/05/2018 00:00,8838.27,1039.08,38,11.36842105,Weekday,Lifestyle
25/05/2018 00:00,2391.72,436.92,23,11.17391304,Weekday,Lifestyle
24/05/2018 00:00,4864.36,631.75,36,10.25714286,Weekday,Lifestyle
23/05/2018 00:00,3680.27,612.06,35,8.8,Weekday,Lifestyle
22/05/2018 00:00,5718.15,1037.83,54,11.39622642,Weekday,Lifestyle
21/05/2018 00:00,6389.28,1146.14,60,11.50877193,Weekday,Lifestyle
18/05/2018 00:00,8168.96,1102.22,58,12.84482759,Weekday,Lifestyle
17/05/2018 00:00,9841.59,1228.71,77,13.01298701,Weekday,Lifestyle
16/05/2018 00:00,18838.05,2672.14,106,11.82692308,Weekday,Lifestyle
15/05/2018 00:00,11280.3,1852.46,96,10.03191489,Weekday,Lifestyle
14/05/2018 00:00,14193.85,2216.55,106,9.398058252,Weekday,Lifestyle
11/05/2018 00:00,11427.06,1761.41,80,11.8875,Weekday,Lifestyle
10/05/2018 00:00,12902.67,2105.07,86,10.96428571,Weekday,Lifestyle
09/05/2018 00:00,17268.2,2519.86,126,10.088,Weekday,Lifestyle
08/05/2018 00:00,16295.83,2287.06,103,10.08910891,Weekday,Lifestyle
07/05/2018 00:00,16946.89,2640.78,113,10.23636364,Weekday,Lifestyle
04/05/2018 00:00,12496.66,1997.71,94,10.84946237,Weekday,Lifestyle
03/05/2018 00:00,13045.35,1911.02,93,10.3655914,Weekday,Lifestyle
02/05/2018 00:00,10644.83,2139.59,101,10.66666667,Weekday,Lifestyle
01/05/2018 00:00,13970.51,2043.13,86,9.188235294,Weekday,Lifestyle
30/04/2018 00:00,11809.61,1801.35,81,8.87654321,Weekday,Lifestyle
27/04/2018 00:00,12733.56,1741.99,59,11.25,Weekday,Lifestyle
26/04/2018 00:00,11555.9,1815.67,83,12.3253012,Weekday,Lifestyle
25/04/2018 00:00,10829.91,1913.42,86,11,Weekday,Lifestyle
24/04/2018 00:00,15397.76,2298.28,95,10.40860215,Weekday,Lifestyle
23/04/2018 00:00,10455.69,2093.51,87,9.930232558,Weekday,Lifestyle
20/04/2018 00:00,8709.88,1418.53,61,10.6779661,Weekday,Lifestyle
19/04/2018 00:00,13624.18,1713.27,86,12.86746988,Weekday,Lifestyle
18/04/2018 00:00,9530.06,1423.92,69,11.30882353,Weekday,Lifestyle
17/04/2018 00:00,12460.11,1885.57,70,10.97014925,Weekday,Lifestyle
16/04/2018 00:00,13315.6,2282.87,86,11.63529412,Weekday,Lifestyle
13/04/2018 00:00,8685.46,1203.68,58,11.84482759,Weekday,Lifestyle
12/04/2018 00:00,8952.65,1742.39,74,13.83783784,Weekday,Lifestyle
11/04/2018 00:00,11358.51,1937.99,90,10.77011494,Weekday,Lifestyle
10/04/2018 00:00,7672.23,1398.99,61,12.55737705,Weekday,Lifestyle
09/04/2018 00:00,15782.98,1872.91,84,11.14634146,Weekday,Lifestyle
06/04/2018 00:00,7836.39,1366.09,55,11.01851852,Weekday,Lifestyle
05/04/2018 00:00,13884.28,1819.41,86,11.4047619,Weekday,Lifestyle
04/04/2018 00:00,10411.81,1709.92,87,10.67816092,Weekday,Lifestyle
03/04/2018 00:00,11711.39,2006.08,87,10.19767442,Weekday,Lifestyle
02/04/2018 00:00,10682.52,1912.71,77,11.52,Weekday,Lifestyle
30/03/2018 00:00,5656.25,1240.28,59,15.79310345,Weekday,Lifestyle
29/03/2018 00:00,5876.05,973.38,54,15.79245283,Weekday,Lifestyle
28/03/2018 00:00,7743.31,1209.98,65,13.12307692,Weekday,Lifestyle
27/03/2018 00:00,11452.63,1622.2,79,12.52564103,Weekday,Lifestyle
26/03/2018 00:00,12858.43,1793.62,86,12.91666667,Weekday,Lifestyle
23/03/2018 00:00,11190.43,1578.96,66,11.16393443,Weekday,Lifestyle
22/03/2018 00:00,8007.58,1496.8,81,13.31168831,Weekday,Lifestyle
21/03/2018 00:00,11882.48,2121.27,92,12.02247191,Weekday,Lifestyle
20/03/2018 00:00,10297.17,1753.37,89,13.18390805,Weekday,Lifestyle
19/03/2018 00:00,12373.17,1754.96,90,13.3255814,Weekday,Lifestyle
16/03/2018 00:00,13236.18,1925.27,97,14.90217391,Weekday,Lifestyle
15/03/2018 00:00,13849.06,2149.56,94,16.79310345,Weekday,Lifestyle
14/03/2018 00:00,7331.68,1501.16,65,15.484375,Weekday,Lifestyle
13/03/2018 00:00,12917.76,1989.33,80,15.92,Weekday,Lifestyle
12/03/2018 00:00,11353.11,1577.94,71,16.56521739,Weekday,Lifestyle
09/03/2018 00:00,9657.64,1755.7,68,17.59090909,Weekday,Lifestyle
08/03/2018 00:00,10611.88,1730.8,86,17.21686747,Weekday,Lifestyle
07/03/2018 00:00,12812.6,2201.56,85,17.64285714,Weekday,Lifestyle
06/03/2018 00:00,13000.29,2019.15,87,19.71764706,Weekday,Lifestyle
05/03/2018 00:00,10680.61,1690.4,76,17.67123288,Weekday,Lifestyle
02/03/2018 00:00,11375.15,1666.44,90,18.88764045,Weekday,Lifestyle
01/03/2018 00:00,13075.86,1649.32,91,16.45454545,Weekday,Lifestyle
28/02/2018 00:00,16855.51,1865.64,99,17.4040404,Weekday,Lifestyle
27/02/2018 00:00,14131.3,1752.62,83,18.08536585,Weekday,Lifestyle
26/02/2018 00:00,19508.24,1914.4,96,19.08510638,Weekday,Lifestyle
23/02/2018 00:00,7600.26,1315.27,67,20.8030303,Weekday,Lifestyle
22/02/2018 00:00,10730.87,1706.12,89,16.15662651,Weekday,Lifestyle
21/02/2018 00:00,9840.42,1747.07,94,14.21978022,Weekday,Lifestyle
20/02/2018 00:00,10924.08,1932.14,97,13.52083333,Weekday,Lifestyle
19/02/2018 00:00,6696.25,1209.69,70,14.64179104,Weekday,Lifestyle
16/02/2018 00:00,7903.04,1107.28,56,17.01818182,Weekday,Lifestyle
15/02/2018 00:00,12704.31,1507.08,83,17.40740741,Weekday,Lifestyle
14/02/2018 00:00,12509.86,1676.97,95,14.40217391,Weekday,Lifestyle
13/02/2018 00:00,10533.54,1460.42,80,14.59493671,Weekday,Lifestyle
12/02/2018 00:00,8557.38,1153.54,68,14.38235294,Weekday,Lifestyle
09/02/2018 00:00,7602.49,1148.56,58,17.49122807,Weekday,Lifestyle
08/02/2018 00:00,7621.87,1260.47,71,16.5942029,Weekday,Lifestyle
07/02/2018 00:00,11350.74,1485.05,81,14.06410256,Weekday,Lifestyle
06/02/2018 00:00,12036.18,1793.67,90,13.32222222,Weekday,Lifestyle
05/02/2018 00:00,11326.53,1665.13,84,16.5125,Weekday,Lifestyle
02/02/2018 00:00,8530.08,1032.08,52,14.28,Weekday,Lifestyle
01/02/2018 00:00,10155.89,1323.5,73,13.88888889,Weekday,Lifestyle
31/01/2018 00:00,7939.13,1234.09,69,14.75,Weekday,Lifestyle
30/01/2018 00:00,7145.08,1396.63,68,15.51470588,Weekday,Lifestyle
29/01/2018 00:00,12511.88,1758.8,83,15.8875,Weekday,Lifestyle
26/01/2018 00:00,13038.59,1394.22,70,11.98550725,Weekday,Lifestyle
25/01/2018 00:00,8878.07,1189.05,61,13.05084746,Weekday,Lifestyle
24/01/2018 00:00,9397.21,1695.9,86,15.36904762,Weekday,Lifestyle
23/01/2018 00:00,13627.85,2014.14,91,12.41758242,Weekday,Lifestyle
22/01/2018 00:00,11345.46,2246.41,98,13.37234043,Weekday,Lifestyle
19/01/2018 00:00,11565.21,1786.15,77,14.24657534,Weekday,Lifestyle
18/01/2018 00:00,8195.55,1519.72,80,13.16455696,Weekday,Lifestyle
17/01/2018 00:00,16026.42,2126.99,100,12.24489796,Weekday,Lifestyle
16/01/2018 00:00,13831.4,2280.86,99,15,Weekday,Lifestyle
15/01/2018 00:00,13218.47,2022.89,100,11.52040816,Weekday,Lifestyle
12/01/2018 00:00,9440.06,1717.66,67,15.25757576,Weekday,Lifestyle
11/01/2018 00:00,11865.43,1664.94,80,11.55,Weekday,Lifestyle
10/01/2018 00:00,10134.91,2020.54,96,14.10526316,Weekday,Lifestyle
09/01/2018 00:00,9620.7,1593.69,84,11.98780488,Weekday,Lifestyle
08/01/2018 00:00,13457.76,2148.55,99,12.33673469,Weekday,Lifestyle
05/01/2018 00:00,8240.38,1304.07,65,15,Weekday,Lifestyle
04/01/2018 00:00,11935.06,1608.85,87,13.02380952,Weekday,Lifestyle
03/01/2018 00:00,8755.92,1255.07,60,11.88333333,Weekday,Lifestyle
02/01/2018 00:00,8663.18,1157.73,61,12.26229508,Weekday,Lifestyle
01/01/2018 00:00,2870.27,519.96,27,13.2962963,Weekday,Lifestyle
29/12/2017 00:00,5626.46,926.6,41,16.24390244,Weekday,Lifestyle
28/12/2017 00:00,4589.34,931.16,46,15.36956522,Weekday,Lifestyle
27/12/2017 00:00,4754.58,942.93,45,13.6,Weekday,Lifestyle
26/12/2017 00:00,5729.8,780.19,46,12.68181818,Weekday,Lifestyle
25/12/2017 00:00,4063.73,716.97,26,16.70833333,Weekday,Lifestyle
22/12/2017 00:00,2824.25,544.11,29,14.75862069,Weekday,Lifestyle
21/12/2017 00:00,6180.59,1030.96,48,13.4,Weekday,Lifestyle
20/12/2017 00:00,10373.11,1196.6,53,16.25490196,Weekday,Lifestyle
19/12/2017 00:00,6708.33,1125.72,61,14.14754098,Weekday,Lifestyle
18/12/2017 00:00,9442.28,1470.14,68,14.31343284,Weekday,Lifestyle
15/12/2017 00:00,10773.07,1627.8,72,14.64285714,Weekday,Lifestyle
14/12/2017 00:00,9940.89,1439.61,79,13.64473684,Weekday,Lifestyle
13/12/2017 00:00,12581.39,1768.82,95,12.72043011,Weekday,Lifestyle
12/12/2017 00:00,12279.62,1603.24,84,15.67857143,Weekday,Lifestyle
11/12/2017 00:00,16723.61,2363.67,114,15.07964602,Weekday,Lifestyle
08/12/2017 00:00,14282.65,1798.99,99,15.01020408,Weekday,Lifestyle
07/12/2017 00:00,11286.72,1856.82,90,17.17977528,Weekday,Lifestyle
06/12/2017 00:00,16212.59,2470.92,118,16.9137931,Weekday,Lifestyle
05/12/2017 00:00,16021.79,2414.04,121,14.16666667,Weekday,Lifestyle
04/12/2017 00:00,18172.64,2135.44,117,14.75892857,Weekday,Lifestyle
01/12/2017 00:00,15343.15,2209.25,106,15.40594059,Weekday,Lifestyle
30/11/2017 00:00,11610.66,1895.11,101,14.25252525,Weekday,Lifestyle
29/11/2017 00:00,12733.98,2079.51,111,16.77981651,Weekday,Lifestyle
28/11/2017 00:00,17245.71,2746.46,150,14.24832215,Weekday,Lifestyle
27/11/2017 00:00,15035.27,2791.48,145,14.00694444,Weekday,Lifestyle
24/11/2017 00:00,48435.86,7442.13,381,15.45744681,Weekday,Lifestyle
23/11/2017 00:00,16757.29,2167.88,98,14.83333333,Weekday,Lifestyle
22/11/2017 00:00,7874.5,1526.16,72,11.43478261,Weekday,Lifestyle
21/11/2017 00:00,11841.2,1524.06,81,13.32911392,Weekday,Lifestyle
20/11/2017 00:00,17753.44,1765.74,87,12.75609756,Weekday,Lifestyle
17/11/2017 00:00,10192.33,1620.96,74,12.56338028,Weekday,Lifestyle
16/11/2017 00:00,9280.88,1335.18,75,13.81081081,Weekday,Lifestyle
15/11/2017 00:00,8033.71,1272.46,66,13.35483871,Weekday,Lifestyle
14/11/2017 00:00,8268.04,1157.72,58,12.16363636,Weekday,Lifestyle
13/11/2017 00:00,8015.34,1260.67,64,12.52459016,Weekday,Lifestyle
10/11/2017 00:00,9161.55,1196.04,63,13.29508197,Weekday,Lifestyle
09/11/2017 00:00,6466.71,1051.56,61,10.76666667,Weekday,Lifestyle
08/11/2017 00:00,5804.76,1201.74,56,10.94444444,Weekday,Lifestyle
07/11/2017 00:00,7291.18,1191.52,52,11.57692308,Weekday,Lifestyle
06/11/2017 00:00,7957.5,1229.74,54,11.94339623,Weekday,Lifestyle
03/11/2017 00:00,8247.71,1215.72,53,12.94339623,Weekday,Lifestyle
02/11/2017 00:00,7559.75,928.75,43,10.3902439,Weekday,Lifestyle
01/11/2017 00:00,6642.39,956.9,42,11.33333333,Weekday,Lifestyle
31/10/2017 00:00,4903.96,879.94,50,11.2244898,Weekday,Lifestyle
30/10/2017 00:00,7014.87,977.87,48,11.24444444,Weekday,Lifestyle
27/10/2017 00:00,5037.94,799.85,45,11.97777778,Weekday,Lifestyle
26/10/2017 00:00,7306.41,1227.11,53,10.68627451,Weekday,Lifestyle
25/10/2017 00:00,7267.2,1178.07,62,10.5,Weekday,Lifestyle
24/10/2017 00:00,6780.68,1139.63,56,10.89090909,Weekday,Lifestyle
23/10/2017 00:00,7001.33,1127.13,59,9.350877193,Weekday,Lifestyle
20/10/2017 00:00,6670.43,947.99,43,8.952380952,Weekday,Lifestyle
19/10/2017 00:00,8123,1165.67,64,11.36507937,Weekday,Lifestyle
18/10/2017 00:00,10056.12,1719.5,78,9.243589744,Weekday,Lifestyle
17/10/2017 00:00,9621.05,1359.15,62,10.9516129,Weekday,Lifestyle
16/10/2017 00:00,11344.19,1917.09,79,12.19480519,Weekday,Lifestyle
13/10/2017 00:00,8606.1,1363.67,60,13.06666667,Weekday,Lifestyle
12/10/2017 00:00,5965.19,1224.22,53,13.35294118,Weekday,Lifestyle
11/10/2017 00:00,7195.23,1276,59,10.71186441,Weekday,Lifestyle
10/10/2017 00:00,8756.28,1612.72,88,10.97674419,Weekday,Lifestyle
09/10/2017 00:00,10057.72,1476.5,72,11.57746479,Weekday,Lifestyle
06/10/2017 00:00,7431.54,1301.36,58,14.64912281,Weekday,Lifestyle
05/10/2017 00:00,6719.95,1232.63,59,12.11864407,Weekday,Lifestyle
04/10/2017 00:00,7986.85,1380.63,64,12.03174603,Weekday,Lifestyle
03/10/2017 00:00,11382.2,1704.81,90,11.04597701,Weekday,Lifestyle
02/10/2017 00:00,8270.69,1399.73,63,11.12903226,Weekday,Lifestyle
29/09/2017 00:00,5904.58,831.97,46,11.02380952,Weekday,Lifestyle
28/09/2017 00:00,9711.48,1370.59,70,11.8,Weekday,Lifestyle
27/09/2017 00:00,7390.01,1207.31,56,12.10714286,Weekday,Lifestyle
26/09/2017 00:00,9147.56,1644.71,87,10.12941176,Weekday,Lifestyle
25/09/2017 00:00,8972.79,1340.12,63,9.919354839,Weekday,Lifestyle
22/09/2017 00:00,5575.57,970.14,54,10.81132075,Weekday,Lifestyle
21/09/2017 00:00,8604.4,1392.14,64,11.11290323,Weekday,Lifestyle
20/09/2017 00:00,9510.49,1443.38,70,10.20289855,Weekday,Lifestyle
19/09/2017 00:00,8332.89,1189.85,59,10.5,Weekday,Lifestyle
18/09/2017 00:00,13251.62,1870.14,83,11.5308642,Weekday,Lifestyle
15/09/2017 00:00,4710.15,873.21,43,12.97619048,Weekday,Lifestyle
14/09/2017 00:00,9867.79,1805.2,72,12.69565217,Weekday,Lifestyle
13/09/2017 00:00,11392.27,1639.68,91,11.87912088,Weekday,Lifestyle
12/09/2017 00:00,10242.32,1785.71,84,10.86585366,Weekday,Lifestyle
11/09/2017 00:00,10469.52,1482.39,75,10.13513514,Weekday,Lifestyle
08/09/2017 00:00,4936.93,946.38,47,13.73333333,Weekday,Lifestyle
07/09/2017 00:00,4957.04,835.48,29,10.51724138,Weekday,Lifestyle
06/09/2017 00:00,6877.28,1215.28,58,12.98275862,Weekday,Lifestyle
05/09/2017 00:00,7394.67,1300.4,59,10.86206897,Weekday,Lifestyle
04/09/2017 00:00,7415.44,1193.09,57,10.52631579,Weekday,Lifestyle
01/09/2017 00:00,7472.69,1674.64,61,12.69491525,Weekday,Lifestyle
31/08/2017 00:00,5289.23,849.52,49,9.346938776,Weekday,Lifestyle
30/08/2017 00:00,7237.97,1286.74,57,10.84210526,Weekday,Lifestyle
29/08/2017 00:00,5970.09,850.86,48,10.0212766,Weekday,Lifestyle
28/08/2017 00:00,5855.79,989.87,52,10.1372549,Weekday,Lifestyle
25/08/2017 00:00,5185.45,752.84,41,14.84210526,Weekday,Lifestyle
24/08/2017 00:00,5872.51,907.36,50,11.14893617,Weekday,Lifestyle
23/08/2017 00:00,4398.88,692.94,43,8,Weekday,Lifestyle
22/08/2017 00:00,8374.91,1447.82,60,9.983050847,Weekday,Lifestyle
21/08/2017 00:00,6690.84,1255.46,63,10.06557377,Weekday,Lifestyle
18/08/2017 00:00,6573.73,1176.05,59,10.77192982,Weekday,Lifestyle
17/08/2017 00:00,7503.07,1155.77,57,12.21052632,Weekday,Lifestyle
16/08/2017 00:00,10568.83,1327.83,63,11.24561404,Weekday,Lifestyle
15/08/2017 00:00,9086.69,1342.92,67,11.56923077,Weekday,Lifestyle
14/08/2017 00:00,7372.3,1264.9,61,8.344262295,Weekday,Lifestyle
11/08/2017 00:00,7568.29,991.09,44,11.11627907,Weekday,Lifestyle
10/08/2017 00:00,9641.4,1279.27,61,13.47540984,Weekday,Lifestyle
09/08/2017 00:00,7217.68,1152.06,63,10.08064516,Weekday,Lifestyle
08/08/2017 00:00,5673.96,947.6,48,11.125,Weekday,Lifestyle
07/08/2017 00:00,10293.66,1216.09,54,9.092592593,Weekday,Lifestyle
04/08/2017 00:00,4997.64,1124.78,46,11.31111111,Weekday,Lifestyle
03/08/2017 00:00,6677.56,950.88,47,10.5,Weekday,Lifestyle
02/08/2017 00:00,5563.94,932.94,52,9.26,Weekday,Lifestyle
01/08/2017 00:00,11105.44,1641.5,77,11.97368421,Weekday,Lifestyle
31/07/2017 00:00,6415.41,1313.55,55,9.653846154,Weekday,Lifestyle
28/07/2017 00:00,10663.46,1127.43,58,11.48275862,Weekday,Lifestyle
27/07/2017 00:00,5089.42,1001.87,33,10.87878788,Weekday,Lifestyle
26/07/2017 00:00,3161.37,594.15,40,10.13157895,Weekday,Lifestyle
25/07/2017 00:00,6107.02,902.82,56,9,Weekday,Lifestyle
24/07/2017 00:00,8654.31,1165.33,63,9.758064516,Weekday,Lifestyle
21/07/2017 00:00,4484.98,849.52,51,11.44,Weekday,Lifestyle
20/07/2017 00:00,5237.16,871.32,44,11.56818182,Weekday,Lifestyle
19/07/2017 00:00,5251.71,967.41,53,11.05660377,Weekday,Lifestyle
18/07/2017 00:00,7572.4,1125.69,62,10.13114754,Weekday,Lifestyle
17/07/2017 00:00,7196.74,1155.2,64,11.421875,Weekday,Lifestyle
14/07/2017 00:00,6561.46,1129.28,57,12.82142857,Weekday,Lifestyle
13/07/2017 00:00,5132.93,1176.24,55,12.37037037,Weekday,Lifestyle
12/07/2017 00:00,8152.66,1482.42,67,10.95454545,Weekday,Lifestyle
11/07/2017 00:00,5651.59,1077.72,53,11.07692308,Weekday,Lifestyle
10/07/2017 00:00,7477.29,1227.37,60,11.48333333,Weekday,Lifestyle
07/07/2017 00:00,4745.13,809.04,41,12.125,Weekday,Lifestyle
06/07/2017 00:00,8465.21,1437.46,63,11.67213115,Weekday,Lifestyle
05/07/2017 00:00,7086.33,1010.1,46,11.5,Weekday,Lifestyle
04/07/2017 00:00,5500.07,697.02,43,10.88372093,Weekday,Lifestyle
03/07/2017 00:00,6886.33,1144.61,46,10.44186047,Weekday,Lifestyle
30/06/2017 00:00,7847.58,941.7,39,12.12820513,Weekday,Lifestyle
29/06/2017 00:00,5221.41,741.04,41,10.36585366,Weekday,Lifestyle
28/06/2017 00:00,4488.79,733.61,40,10.225,Weekday,Lifestyle
27/06/2017 00:00,5679.07,902.03,51,10.64705882,Weekday,Lifestyle
26/06/2017 00:00,3057.49,606.7,25,13.5,Weekday,Lifestyle
23/06/2017 00:00,5037.39,886.45,35,12.5,Weekday,Lifestyle
22/06/2017 00:00,3021.64,559.25,30,12.03571429,Weekday,Lifestyle
21/06/2017 00:00,1984.9,407.86,15,6.5,Weekday,Lifestyle
20/06/2017 00:00,4192.68,667.73,34,11.17647059,Weekday,Lifestyle
19/06/2017 00:00,6986.98,1061.27,54,10.73584906,Weekday,Lifestyle
16/06/2017 00:00,4707.14,731.43,37,14.69444444,Weekday,Lifestyle
15/06/2017 00:00,3681.17,625.9,33,14.46875,Weekday,Lifestyle
14/06/2017 00:00,6196.88,1314.47,59,13.37931034,Weekday,Lifestyle
13/06/2017 00:00,7935.59,1268.83,61,11.28813559,Weekday,Lifestyle
12/06/2017 00:00,4862.54,743.9,40,11.85,Weekday,Lifestyle
09/06/2017 00:00,6853.53,999.59,37,12.32432432,Weekday,Lifestyle
08/06/2017 00:00,8942.4,1805.24,59,13.29824561,Weekday,Lifestyle
07/06/2017 00:00,5590,1111.26,55,11.92727273,Weekday,Lifestyle
06/06/2017 00:00,5121.7,861.34,46,10.29545455,Weekday,Lifestyle
05/06/2017 00:00,9678.67,1028.39,54,10.52830189,Weekday,Lifestyle
02/06/2017 00:00,8915.74,982.52,51,11.96,Weekday,Lifestyle
01/06/2017 00:00,7210.42,1182.24,55,11.72727273,Weekday,Lifestyle
31/05/2017 00:00,9467.04,877.17,49,12.2826087,Weekday,Lifestyle
30/05/2017 00:00,6004.56,813.02,31,10.6,Weekday,Lifestyle
29/05/2017 00:00,5892.46,1058.22,54,9.215686275,Weekday,Lifestyle
26/05/2017 00:00,5420.82,804.55,37,11.52777778,Weekday,Lifestyle
25/05/2017 00:00,5859.07,875.97,37,10.22222222,Weekday,Lifestyle
24/05/2017 00:00,6731.71,1108.49,56,9.821428571,Weekday,Lifestyle
23/05/2017 00:00,7418.02,1138.25,54,9.134615385,Weekday,Lifestyle
22/05/2017 00:00,12585.66,1528.4,64,9.508196721,Weekday,Lifestyle
19/05/2017 00:00,7564.46,1071.86,59,9.775862069,Weekday,Lifestyle
18/05/2017 00:00,6078.53,900.8,50,10.69387755,Weekday,Lifestyle
17/05/2017 00:00,5665.26,1064.52,55,9.185185185,Weekday,Lifestyle
16/05/2017 00:00,9926.95,1236.34,56,9.732142857,Weekday,Lifestyle
15/05/2017 00:00,5995.5,1094.18,54,10.54,Weekday,Lifestyle
12/05/2017 00:00,5386.43,908.81,44,12.53658537,Weekday,Lifestyle
11/05/2017 00:00,8501.86,1448.35,50,8.9,Weekday,Lifestyle
10/05/2017 00:00,5739.66,939.48,50,10.65306122,Weekday,Lifestyle
09/05/2017 00:00,4652.18,855.34,44,9.523809524,Weekday,Lifestyle
08/05/2017 00:00,4831.88,769.57,43,11.54761905,Weekday,Lifestyle
05/05/2017 00:00,6973.23,976.05,39,13.97297297,Weekday,Lifestyle
04/05/2017 00:00,7094.03,1111.2,52,11.78846154,Weekday,Lifestyle
03/05/2017 00:00,3330.48,644.14,33,15.39393939,Weekday,Lifestyle
02/05/2017 00:00,7212.99,989.92,47,14.87234043,Weekday,Lifestyle
01/05/2017 00:00,4536.32,753.65,40,11.575,Weekday,Lifestyle
28/04/2017 00:00,5559.6,819.25,36,15.97058824,Weekday,Lifestyle
27/04/2017 00:00,3867.45,591.35,23,14.39130435,Weekday,Lifestyle
26/04/2017 00:00,5998.65,1020.81,50,16.02083333,Weekday,Lifestyle
25/04/2017 00:00,2876.01,495.27,31,12.4516129,Weekday,Lifestyle
24/04/2017 00:00,5098.65,888.34,43,14.275,Weekday,Lifestyle
21/04/2017 00:00,1898.76,432.94,23,15.42857143,Weekday,Lifestyle
20/04/2017 00:00,4624.84,829.35,35,15.48484848,Weekday,Lifestyle
19/04/2017 00:00,3563.19,626.79,36,15.15151515,Weekday,Lifestyle
18/04/2017 00:00,3780.48,424.41,17,16.70588235,Weekday,Lifestyle
17/04/2017 00:00,3444.49,587.97,26,17.29166667,Weekday,Lifestyle
14/04/2017 00:00,3264.42,491.02,20,15.70588235,Weekday,Lifestyle
13/04/2017 00:00,4060.3,636.53,25,16.76,Weekday,Lifestyle
12/04/2017 00:00,4117.45,489.27,29,11.07142857,Weekday,Lifestyle
11/04/2017 00:00,3755.56,653.67,32,12.375,Weekday,Lifestyle
10/04/2017 00:00,5064.24,755.05,42,11.325,Weekday,Lifestyle
07/04/2017 00:00,4714.08,715.46,37,13.8,Weekday,Lifestyle
06/04/2017 00:00,4003.74,611.43,34,11.63636364,Weekday,Lifestyle
05/04/2017 00:00,6690.76,816.6,40,13.15384615,Weekday,Lifestyle
04/04/2017 00:00,4087.43,567.36,29,22.20689655,Weekday,Lifestyle
03/04/2017 00:00,1901.76,286.48,18,13.27777778,Weekday,Lifestyle
31/03/2017 00:00,4486.1,657.16,26,22.34615385,Weekday,Lifestyle
30/03/2017 00:00,2508.63,374.37,23,12.22727273,Weekday,Lifestyle
29/03/2017 00:00,2139.8,438.33,21,10.47619048,Weekday,Lifestyle
28/03/2017 00:00,4518.46,641.71,32,9.322580645,Weekday,Lifestyle
27/03/2017 00:00,3964.04,595.81,32,10.5483871,Weekday,Lifestyle
24/03/2017 00:00,3084.79,353.63,20,11.25,Weekday,Lifestyle
23/03/2017 00:00,5103.08,727.75,41,9.486486486,Weekday,Lifestyle
22/03/2017 00:00,4604.32,647.58,31,13.06451613,Weekday,Lifestyle
21/03/2017 00:00,4516.54,822.88,38,11.94736842,Weekday,Lifestyle
20/03/2017 00:00,8354.68,1200.6,56,11.37037037,Weekday,Lifestyle
17/03/2017 00:00,3771.43,527.87,26,12.28,Weekday,Lifestyle
16/03/2017 00:00,5006.82,717.3,37,11.51351351,Weekday,Lifestyle
15/03/2017 00:00,5447.04,563.83,33,12.75,Weekday,Lifestyle
14/03/2017 00:00,4993.81,724,36,12.19444444,Weekday,Lifestyle
13/03/2017 00:00,5544.04,879.06,38,10.58333333,Weekday,Lifestyle
10/03/2017 00:00,3867.65,687.66,25,12.92,Weekday,Lifestyle
09/03/2017 00:00,3869.63,619.54,30,12.03448276,Weekday,Lifestyle
08/03/2017 00:00,3038.63,444.43,24,10.16666667,Weekday,Lifestyle
07/03/2017 00:00,3658.79,375.19,20,9.75,Weekday,Lifestyle
06/03/2017 00:00,3250,548.71,33,12.03225806,Weekday,Lifestyle
03/03/2017 00:00,2761.07,372.1,15,10.26666667,Weekday,Lifestyle
02/03/2017 00:00,4609.53,355.56,17,15,Weekday,Lifestyle
01/03/2017 00:00,6284.11,781.99,35,10.76470588,Weekday,Lifestyle
28/02/2017 00:00,3643.44,339.79,18,15.44444444,Weekday,Lifestyle
27/02/2017 00:00,660.26,175.32,10,8.1,Weekday,Lifestyle
24/02/2017 00:00,3055.19,455.38,23,13.47826087,Weekday,Lifestyle
23/02/2017 00:00,2242.97,372.67,18,15.94117647,Weekday,Lifestyle
22/02/2017 00:00,3040.74,443.29,21,14,Weekday,Lifestyle
21/02/2017 00:00,1911.9,282.58,9,13,Weekday,Lifestyle
20/02/2017 00:00,2495.7,356.27,21,12,Weekday,Lifestyle
17/02/2017 00:00,578.3,118.53,8,13.125,Weekday,Lifestyle
16/02/2017 00:00,1996.2,242.08,14,15.75,Weekday,Lifestyle
15/02/2017 00:00,2319.92,481.26,21,9.947368421,Weekday,Lifestyle
14/02/2017 00:00,3240.28,434.82,23,12.7826087,Weekday,Lifestyle
13/02/2017 00:00,4474.39,723.38,21,14.47619048,Weekday,Lifestyle
10/02/2017 00:00,2825.75,387.91,19,10.78947368,Weekday,Lifestyle
09/02/2017 00:00,2417.76,400.12,24,13.55,Weekday,Lifestyle
08/02/2017 00:00,3651.15,685.12,32,10,Weekday,Lifestyle
07/02/2017 00:00,4128.53,793.75,46,9.444444444,Weekday,Lifestyle
06/02/2017 00:00,4400.46,611.91,32,9.032258065,Weekday,Lifestyle
03/02/2017 00:00,4495.51,517.64,28,11.46428571,Weekday,Lifestyle
02/02/2017 00:00,3630.14,586.2,27,13.25925926,Weekday,Lifestyle
01/02/2017 00:00,4029.24,560.6,26,11.08333333,Weekday,Lifestyle
31/01/2017 00:00,3265.19,481.38,25,11.79166667,Weekday,Lifestyle
30/01/2017 00:00,3329.11,432,21,10.73684211,Weekday,Lifestyle
27/01/2017 00:00,3261.82,485.81,24,13.75,Weekday,Lifestyle
26/01/2017 00:00,6628.73,996.25,44,13.42857143,Weekday,Lifestyle
25/01/2017 00:00,4929.51,824.33,34,12,Weekday,Lifestyle
24/01/2017 00:00,2985.61,421.8,21,12.23809524,Weekday,Lifestyle
23/01/2017 00:00,2928.23,433.8,16,10.125,Weekday,Lifestyle
20/01/2017 00:00,1555.64,242.85,9,9.888888889,Weekday,Lifestyle
19/01/2017 00:00,1188.88,161.55,6,10.33333333,Weekday,Lifestyle
18/01/2017 00:00,1345.55,258.65,13,14.09090909,Weekday,Lifestyle
17/01/2017 00:00,1624.85,291.39,14,10.5,Weekday,Lifestyle
16/01/2017 00:00,1491.68,143.42,7,17.28571429,Weekday,Lifestyle
13/01/2017 00:00,357.89,62.3,3,9,Weekday,Lifestyle
12/01/2017 00:00,93.8,39.43,2,59,Weekday,Lifestyle
11/01/2017 00:00,624.69,76.3,4,8.333333333,Weekday,Lifestyle
10/01/2017 00:00,176,15.4,1,10,Weekday,Lifestyle
09/01/2017 00:00,588.89,60.88,3,21.66666667,Weekday,Lifestyle
06/01/2017 00:00,795.99,46,2,9,Weekday,Lifestyle
05/01/2017 00:00,163.7,120.69,13,10.53846154,Weekday,Lifestyle
11/03/2018 00:00,3227.17,358.89,18,18.22222222,Weekend,Media & Essential
10/03/2018 00:00,1061.59,274.22,11,15.81818182,Weekend,Media & Essential
04/03/2018 00:00,1163.29,251.4,13,24.23076923,Weekend,Media & Essential
03/03/2018 00:00,979.21,368.17,17,16.58823529,Weekend,Media & Essential
25/02/2018 00:00,1676.53,404.78,18,15.64705882,Weekend,Media & Essential
24/02/2018 00:00,1308.36,260.2,13,15.76923077,Weekend,Media & Essential
18/02/2018 00:00,1052.41,539.52,10,15.6,Weekend,Media & Essential
17/02/2018 00:00,1655.73,256.76,13,15.84615385,Weekend,Media & Essential
11/02/2018 00:00,902.15,245.69,13,16.46153846,Weekend,Media & Essential
10/02/2018 00:00,2164.76,365.84,15,19.5,Weekend,Media & Essential
04/02/2018 00:00,1024.73,123.72,10,10.77777778,Weekend,Media & Essential
03/02/2018 00:00,1498.79,417.77,18,14.44444444,Weekend,Media & Essential
28/01/2018 00:00,3045.04,314.48,11,12.9,Weekend,Media & Essential
27/01/2018 00:00,1972.17,335.35,21,13.2,Weekend,Media & Essential
21/01/2018 00:00,1524.2,191.1,10,12.9,Weekend,Media & Essential
20/01/2018 00:00,1255.49,149.79,9,8.888888889,Weekend,Media & Essential
14/01/2018 00:00,2833.94,493.88,26,13.03846154,Weekend,Media & Essential
13/01/2018 00:00,2552.15,467.01,21,12.3,Weekend,Media & Essential
07/01/2018 00:00,2750.43,481.16,26,15.20833333,Weekend,Media & Essential
06/01/2018 00:00,2762.32,535.19,26,14.30769231,Weekend,Media & Essential
31/12/2017 00:00,1116.66,241.1,15,14.64285714,Weekend,Media & Essential
30/12/2017 00:00,1426.89,216.68,12,13.58333333,Weekend,Media & Essential
24/12/2017 00:00,277.39,42.31,3,9.333333333,Weekend,Media & Essential
23/12/2017 00:00,687.14,210.22,10,15.7,Weekend,Media & Essential
17/12/2017 00:00,1446.28,202.55,9,16.25,Weekend,Media & Essential
16/12/2017 00:00,1146.59,296.68,16,14.75,Weekend,Media & Essential
10/12/2017 00:00,704.59,83.2,6,15.5,Weekend,Media & Essential
09/12/2017 00:00,1503.17,262.03,11,18.18181818,Weekend,Media & Essential
03/12/2017 00:00,4682.57,536.18,23,15.69565217,Weekend,Media & Essential
02/12/2017 00:00,1072.2,241.87,14,14.64285714,Weekend,Media & Essential
26/11/2017 00:00,1692.48,347.74,13,19.84615385,Weekend,Media & Essential
25/11/2017 00:00,4016.73,436.18,20,19.35,Weekend,Media & Essential
19/11/2017 00:00,1243.4,319.55,10,11.6,Weekend,Media & Essential
18/11/2017 00:00,1046.55,226.71,10,11.66666667,Weekend,Media & Essential
12/11/2017 00:00,581.72,94.77,6,14,Weekend,Media & Essential
11/11/2017 00:00,2060.77,343.17,14,12.61538462,Weekend,Media & Essential
05/11/2017 00:00,1556.25,237.8,11,11,Weekend,Media & Essential
04/11/2017 00:00,759.46,119.65,5,11,Weekend,Media & Essential
29/10/2017 00:00,767.31,146.05,7,8.333333333,Weekend,Media & Essential
28/10/2017 00:00,2463.8,159.03,6,20,Weekend,Media & Essential
22/10/2017 00:00,997.13,146.55,5,16,Weekend,Media & Essential
21/10/2017 00:00,486.28,95.21,6,6.666666667,Weekend,Media & Essential
15/10/2017 00:00,138.89,49.69,3,16,Weekend,Media & Essential
14/10/2017 00:00,124.99,43.12,3,10,Weekend,Media & Essential
08/10/2017 00:00,1084.91,158.57,9,11.33333333,Weekend,Media & Essential
07/10/2017 00:00,852.27,120.28,6,13.83333333,Weekend,Media & Essential
01/10/2017 00:00,1410.52,319.3,14,13.61538462,Weekend,Media & Essential
30/09/2017 00:00,1276.67,155.78,8,10.71428571,Weekend,Media & Essential
24/09/2017 00:00,420.7,107.35,4,13,Weekend,Media & Essential
23/09/2017 00:00,291.22,82.78,5,11.8,Weekend,Media & Essential
17/09/2017 00:00,587.63,180.59,6,8.333333333,Weekend,Media & Essential
16/09/2017 00:00,219.99,42.6,3,14,Weekend,Media & Essential
10/09/2017 00:00,297.57,104.05,6,9,Weekend,Media & Essential
09/09/2017 00:00,441.14,118.42,7,10,Weekend,Media & Essential
03/09/2017 00:00,2381.44,286.69,7,11.57142857,Weekend,Media & Essential
02/09/2017 00:00,1407.8,169.74,8,11.25,Weekend,Media & Essential
27/08/2017 00:00,389.28,118.86,7,8.428571429,Weekend,Media & Essential
26/08/2017 00:00,669.69,183.81,8,7.75,Weekend,Media & Essential
20/08/2017 00:00,552.8,108.85,6,6,Weekend,Media & Essential
13/08/2017 00:00,237.05,143.49,5,10.2,Weekend,Media & Essential
12/08/2017 00:00,294.69,80.67,4,10.25,Weekend,Media & Essential
06/08/2017 00:00,1051.5,128.29,5,13.2,Weekend,Media & Essential
05/08/2017 00:00,255.69,85.06,5,8.2,Weekend,Media & Essential
30/07/2017 00:00,330.79,96.28,5,10.25,Weekend,Media & Essential
29/07/2017 00:00,975.59,145.75,7,16,Weekend,Media & Essential
23/07/2017 00:00,404.57,103.11,7,9.142857143,Weekend,Media & Essential
22/07/2017 00:00,232.69,43.63,3,12.33333333,Weekend,Media & Essential
16/07/2017 00:00,634.97,164.08,9,11.66666667,Weekend,Media & Essential
15/07/2017 00:00,425.29,101.23,6,13.66666667,Weekend,Media & Essential
09/07/2017 00:00,302.69,101.75,5,10.6,Weekend,Media & Essential
08/07/2017 00:00,473.1,86.64,4,10.5,Weekend,Media & Essential
02/07/2017 00:00,278.5,31.46,2,12.5,Weekend,Media & Essential
01/07/2017 00:00,465.14,100.57,5,10.2,Weekend,Media & Essential
25/06/2017 00:00,810.9,263.91,8,11.57142857,Weekend,Media & Essential
24/06/2017 00:00,113.8,34.12,2,14,Weekend,Media & Essential
18/06/2017 00:00,466.89,110.03,5,14.4,Weekend,Media & Essential
17/06/2017 00:00,149,36.55,1,9,Weekend,Media & Essential
11/06/2017 00:00,832.17,144.16,8,10,Weekend,Media & Essential
10/06/2017 00:00,1164.24,190,7,10.5,Weekend,Media & Essential
04/06/2017 00:00,392.77,92.81,5,11.2,Weekend,Media & Essential
03/06/2017 00:00,125.8,33.88,2,11.5,Weekend,Media & Essential
28/05/2017 00:00,169.3,51.19,3,11,Weekend,Media & Essential
27/05/2017 00:00,671.49,152.29,7,13.5,Weekend,Media & Essential
21/05/2017 00:00,957.94,264.1,12,9.833333333,Weekend,Media & Essential
20/05/2017 00:00,602.4,105.8,4,11,Weekend,Media & Essential
14/05/2017 00:00,1036.25,164.09,7,6.857142857,Weekend,Media & Essential
13/05/2017 00:00,209.5,29.57,2,9,Weekend,Media & Essential
07/05/2017 00:00,2605.32,213.53,7,9.333333333,Weekend,Media & Essential
06/05/2017 00:00,936.13,106.09,3,10.66666667,Weekend,Media & Essential
30/04/2017 00:00,165.8,59.22,2,20.5,Weekend,Media & Essential
29/04/2017 00:00,1165.59,148.73,7,20.42857143,Weekend,Media & Essential
23/04/2017 00:00,538.2,115.57,7,14,Weekend,Media & Essential
22/04/2017 00:00,119.5,21.47,1,19,Weekend,Media & Essential
16/04/2017 00:00,278.9,53.3,3,17.33333333,Weekend,Media & Essential
15/04/2017 00:00,602.17,58.84,4,6.75,Weekend,Media & Essential
09/04/2017 00:00,160.9,36.54,2,11.5,Weekend,Media & Essential
08/04/2017 00:00,549.57,95.07,5,19.4,Weekend,Media & Essential
02/04/2017 00:00,587.64,87.49,5,6,Weekend,Media & Essential
01/04/2017 00:00,242.8,28.04,2,5.5,Weekend,Media & Essential
26/03/2017 00:00,174.78,46.55,3,7.333333333,Weekend,Media & Essential
25/03/2017 00:00,1235.9,98.9,4,14.5,Weekend,Media & Essential
19/03/2017 00:00,792.69,132.17,7,20.28571429,Weekend,Media & Essential
18/03/2017 00:00,2754.5,102.96,3,8.333333333,Weekend,Media & Essential
12/03/2017 00:00,379.09,99.25,5,12.4,Weekend,Media & Essential
11/03/2017 00:00,142.9,48.96,3,13.66666667,Weekend,Media & Essential
05/03/2017 00:00,732.92,143.38,7,14.83333333,Weekend,Media & Essential
04/03/2017 00:00,649.4,51.98,3,11.66666667,Weekend,Media & Essential
26/02/2017 00:00,343.2,127.43,2,17,Weekend,Media & Essential
25/02/2017 00:00,76.98,33.4,2,12.5,Weekend,Media & Essential
19/02/2017 00:00,243.9,57.16,4,13,Weekend,Media & Essential
18/02/2017 00:00,74.9,19.22,1,16,Weekend,Media & Essential
12/02/2017 00:00,651.5,122.1,6,9.5,Weekend,Media & Essential
11/02/2017 00:00,178.35,56.49,3,20,Weekend,Media & Essential
05/02/2017 00:00,639.27,85.6,5,10.8,Weekend,Media & Essential
04/02/2017 00:00,453.6,76.52,4,12.75,Weekend,Media & Essential
29/01/2017 00:00,195.5,36,2,15,Weekend,Media & Essential
22/01/2017 00:00,149,21.36,1,12,Weekend,Media & Essential
21/01/2017 00:00,398.05,50,1,16,Weekend,Media & Essential
26/08/2018 00:00,2015.95,456.01,22,3.272727273,Weekend,Home & Living
25/08/2018 00:00,6257.49,581.68,30,4.366666667,Weekend,Home & Living
19/08/2018 00:00,12602.99,2225.34,87,7.264367816,Weekend,Home & Living
18/08/2018 00:00,9495.62,2157.44,85,7.614457831,Weekend,Home & Living
12/08/2018 00:00,8568.12,2191.8,67,8.015873016,Weekend,Home & Living
11/08/2018 00:00,8110.67,1975.88,70,8.071428571,Weekend,Home & Living
05/08/2018 00:00,13698.17,2915.56,102,7.94,Weekend,Home & Living
04/08/2018 00:00,15648.82,2567.79,90,9.770114943,Weekend,Home & Living
29/07/2018 00:00,12447.21,2589.97,86,7.75308642,Weekend,Home & Living
28/07/2018 00:00,8491.63,2332.85,72,8.342857143,Weekend,Home & Living
22/07/2018 00:00,11944.58,2337.7,92,7.934782609,Weekend,Home & Living
21/07/2018 00:00,7803.11,1692.36,65,9.138461538,Weekend,Home & Living
15/07/2018 00:00,5437.02,1589.45,49,9.875,Weekend,Home & Living
14/07/2018 00:00,8127.97,1856.51,57,10.49090909,Weekend,Home & Living
08/07/2018 00:00,5393.66,1526.26,43,10.63414634,Weekend,Home & Living
07/07/2018 00:00,4822.52,1042.59,35,9.454545455,Weekend,Home & Living
01/07/2018 00:00,8162.57,2218.68,67,8.106060606,Weekend,Home & Living
30/06/2018 00:00,8264.22,1809.75,54,9.773584906,Weekend,Home & Living
24/06/2018 00:00,11385.43,2742.54,91,8.311111111,Weekend,Home & Living
23/06/2018 00:00,6345.86,1461.45,54,9.222222222,Weekend,Home & Living
17/06/2018 00:00,7607.5,1395.67,51,7.98,Weekend,Home & Living
16/06/2018 00:00,8855.48,1870.71,68,8.582089552,Weekend,Home & Living
10/06/2018 00:00,12078.54,2201.61,84,7.746987952,Weekend,Home & Living
09/06/2018 00:00,12013.55,2261.11,70,11.02898551,Weekend,Home & Living
03/06/2018 00:00,11212.5,2039.06,73,10.14084507,Weekend,Home & Living
02/06/2018 00:00,9464.34,1778.2,60,12.71186441,Weekend,Home & Living
27/05/2018 00:00,6635.25,1127.73,46,13.45652174,Weekend,Home & Living
26/05/2018 00:00,5889.23,1021.67,49,14.04081633,Weekend,Home & Living
20/05/2018 00:00,8131.46,1928.77,72,14.69014085,Weekend,Home & Living
19/05/2018 00:00,10320.88,1494.34,57,14.60714286,Weekend,Home & Living
13/05/2018 00:00,13133.1,1985.23,69,9.058823529,Weekend,Home & Living
12/05/2018 00:00,12165.21,2317.49,78,11.06410256,Weekend,Home & Living
06/05/2018 00:00,12866.27,1892.61,87,9.709302326,Weekend,Home & Living
05/05/2018 00:00,9093.83,1987.9,67,9.772727273,Weekend,Home & Living
29/04/2018 00:00,7576,1760.23,71,10.25352113,Weekend,Home & Living
28/04/2018 00:00,11641.07,1437,60,11.27118644,Weekend,Home & Living
22/04/2018 00:00,10193.44,2240.19,87,9.448275862,Weekend,Home & Living
21/04/2018 00:00,8239.08,1759.61,67,11.28358209,Weekend,Home & Living
15/04/2018 00:00,13227.28,3227.68,100,12.1122449,Weekend,Home & Living
14/04/2018 00:00,7194.63,1690.89,62,12.95081967,Weekend,Home & Living
08/04/2018 00:00,8645.88,2051.29,77,11.33333333,Weekend,Home & Living
07/04/2018 00:00,11135.9,1537.25,71,10.58571429,Weekend,Home & Living
01/04/2018 00:00,10892.89,1889.16,71,11.42647059,Weekend,Home & Living
31/03/2018 00:00,11163.96,1688.06,67,14.71212121,Weekend,Home & Living
25/03/2018 00:00,9138.32,1960.53,70,15.21428571,Weekend,Home & Living
24/03/2018 00:00,6420.95,1547.38,64,13.52380952,Weekend,Home & Living
18/03/2018 00:00,14583.81,2111.04,84,13.21428571,Weekend,Home & Living
17/03/2018 00:00,7554.41,1399.25,52,17.45098039,Weekend,Home & Living
11/03/2018 00:00,9231.31,1826.87,66,17.1875,Weekend,Home & Living
10/03/2018 00:00,8417.56,1791.77,65,18.94915254,Weekend,Home & Living
04/03/2018 00:00,9908.55,1730.83,71,19.55714286,Weekend,Home & Living
03/03/2018 00:00,10712.45,2332.11,78,19.64473684,Weekend,Home & Living
25/02/2018 00:00,11034.32,2746.16,77,20.76315789,Weekend,Home & Living
24/02/2018 00:00,8745.29,1766.13,66,22.22727273,Weekend,Home & Living
18/02/2018 00:00,7513.87,1225.24,47,16.33333333,Weekend,Home & Living
17/02/2018 00:00,7056.55,1474.49,70,16.08823529,Weekend,Home & Living
11/02/2018 00:00,5313.71,1207.93,56,18.03636364,Weekend,Home & Living
10/02/2018 00:00,6678.67,1461.57,57,17.45614035,Weekend,Home & Living
04/02/2018 00:00,11091.78,1985.52,80,14.88607595,Weekend,Home & Living
03/02/2018 00:00,9603.79,1690.21,69,15.57352941,Weekend,Home & Living
28/01/2018 00:00,9821.97,1622,57,12.18181818,Weekend,Home & Living
27/01/2018 00:00,6554.05,1217.65,47,13.89361702,Weekend,Home & Living
21/01/2018 00:00,10115.67,1881.5,78,12.96052632,Weekend,Home & Living
20/01/2018 00:00,7875.09,2192.34,66,15.89230769,Weekend,Home & Living
14/01/2018 00:00,9097.94,1643.42,79,13.68831169,Weekend,Home & Living
13/01/2018 00:00,10514.22,1806.95,76,14.94666667,Weekend,Home & Living
07/01/2018 00:00,14707.1,2148.05,70,14.26086957,Weekend,Home & Living
06/01/2018 00:00,11711.28,2399.16,85,17.66666667,Weekend,Home & Living
31/12/2017 00:00,1232.78,335.31,12,14.25,Weekend,Home & Living
30/12/2017 00:00,4454.21,883.41,32,17.1875,Weekend,Home & Living
24/12/2017 00:00,1905.85,399.43,18,9.611111111,Weekend,Home & Living
23/12/2017 00:00,3935.33,813.01,36,15.37142857,Weekend,Home & Living
17/12/2017 00:00,6497.84,1055.27,44,14.25581395,Weekend,Home & Living
16/12/2017 00:00,4831.31,822.35,37,18.47222222,Weekend,Home & Living
10/12/2017 00:00,7827.08,1528.05,56,15.85454545,Weekend,Home & Living
09/12/2017 00:00,6513.05,1384.86,47,16.31914894,Weekend,Home & Living
03/12/2017 00:00,7267.5,1710.71,60,16.6440678,Weekend,Home & Living
02/12/2017 00:00,9823.17,2007.2,76,16.15789474,Weekend,Home & Living
26/11/2017 00:00,20237.28,3986.52,162,17.44720497,Weekend,Home & Living
25/11/2017 00:00,22804.14,5327.19,223,20.87272727,Weekend,Home & Living
19/11/2017 00:00,6893.98,1254.96,57,13.64912281,Weekend,Home & Living
18/11/2017 00:00,7616.99,1682.55,49,14.89361702,Weekend,Home & Living
12/11/2017 00:00,6618.44,1182.03,52,13.88235294,Weekend,Home & Living
11/11/2017 00:00,8685.77,1419.66,57,15.63157895,Weekend,Home & Living
05/11/2017 00:00,5988.41,1725.73,54,11.88888889,Weekend,Home & Living
04/11/2017 00:00,9590.77,1784.02,43,12.64285714,Weekend,Home & Living
29/10/2017 00:00,5027.28,1349.21,49,11.44897959,Weekend,Home & Living
28/10/2017 00:00,7046.26,1363.62,35,12.65714286,Weekend,Home & Living
22/10/2017 00:00,6302.81,1519.14,58,9.517857143,Weekend,Home & Living
21/10/2017 00:00,4845.37,937.12,32,12.96875,Weekend,Home & Living
15/10/2017 00:00,6619.72,1379.23,54,10.09433962,Weekend,Home & Living
14/10/2017 00:00,4926.24,1079.37,44,10.07142857,Weekend,Home & Living
08/10/2017 00:00,4916.37,1110.22,36,12.63888889,Weekend,Home & Living
07/10/2017 00:00,4694.99,911.67,31,13.5,Weekend,Home & Living
01/10/2017 00:00,7694.5,1450.07,43,10.93023256,Weekend,Home & Living
30/09/2017 00:00,3209.15,692.73,33,12.48484848,Weekend,Home & Living
24/09/2017 00:00,4080.98,845.31,40,12.575,Weekend,Home & Living
23/09/2017 00:00,3360.83,682.04,29,12.03571429,Weekend,Home & Living
17/09/2017 00:00,4985.17,1034.26,48,11.45833333,Weekend,Home & Living
16/09/2017 00:00,7732.57,1062.34,39,12.81578947,Weekend,Home & Living
10/09/2017 00:00,5772.34,1066.18,46,10.62222222,Weekend,Home & Living
09/09/2017 00:00,5118.73,1174.44,39,13.13513514,Weekend,Home & Living
03/09/2017 00:00,6918.85,1234.84,39,9.974358974,Weekend,Home & Living
02/09/2017 00:00,3864.22,1011.98,39,10.35897436,Weekend,Home & Living
27/08/2017 00:00,3336.27,854.34,36,10.51428571,Weekend,Home & Living
26/08/2017 00:00,5656.72,991.68,42,12.375,Weekend,Home & Living
20/08/2017 00:00,4155.48,797.42,40,9.025,Weekend,Home & Living
19/08/2017 00:00,6556.48,1141.19,46,11.31111111,Weekend,Home & Living
13/08/2017 00:00,3339.73,666.07,32,10.8125,Weekend,Home & Living
12/08/2017 00:00,6050.66,999.83,39,12.25714286,Weekend,Home & Living
06/08/2017 00:00,5056.49,1436.77,46,13.08888889,Weekend,Home & Living
05/08/2017 00:00,4227.19,935.31,41,12.025,Weekend,Home & Living
30/07/2017 00:00,5317.37,1143.32,46,8.688888889,Weekend,Home & Living
29/07/2017 00:00,5287.16,1053.66,49,11.36170213,Weekend,Home & Living
23/07/2017 00:00,3257.04,622.94,34,9.322580645,Weekend,Home & Living
22/07/2017 00:00,4986.9,886.83,39,11.25641026,Weekend,Home & Living
16/07/2017 00:00,3996.24,955.13,35,15.63636364,Weekend,Home & Living
15/07/2017 00:00,5948.36,1136.23,48,13.12765957,Weekend,Home & Living
09/07/2017 00:00,3801.6,907.44,39,12.94736842,Weekend,Home & Living
08/07/2017 00:00,3392.04,665.95,32,11.96875,Weekend,Home & Living
02/07/2017 00:00,4772.61,901.25,42,9.785714286,Weekend,Home & Living
01/07/2017 00:00,3885.48,732.59,26,16.03846154,Weekend,Home & Living
25/06/2017 00:00,4796.49,892.81,39,11.21621622,Weekend,Home & Living
24/06/2017 00:00,4123.98,950.02,41,12.28205128,Weekend,Home & Living
18/06/2017 00:00,12616.6,918.73,40,11.10526316,Weekend,Home & Living
17/06/2017 00:00,4407.4,550.96,23,11.45454545,Weekend,Home & Living
11/06/2017 00:00,4570.15,812.26,35,11.44117647,Weekend,Home & Living
10/06/2017 00:00,2894.53,571.08,27,12.66666667,Weekend,Home & Living
04/06/2017 00:00,5009.34,777.75,37,11.41666667,Weekend,Home & Living
03/06/2017 00:00,4068.13,621.25,29,12.46428571,Weekend,Home & Living
28/05/2017 00:00,4356.41,836.49,43,11.25581395,Weekend,Home & Living
27/05/2017 00:00,4886.82,735.3,27,11.12,Weekend,Home & Living
21/05/2017 00:00,6186.38,973.57,46,9.466666667,Weekend,Home & Living
20/05/2017 00:00,3250.17,478.83,20,10,Weekend,Home & Living
14/05/2017 00:00,4139.99,849.5,33,12.28125,Weekend,Home & Living
13/05/2017 00:00,3674.81,638.18,26,11.2,Weekend,Home & Living
07/05/2017 00:00,7408.09,1222.1,45,13.58139535,Weekend,Home & Living
06/05/2017 00:00,6465.63,993.2,43,11.78571429,Weekend,Home & Living
30/04/2017 00:00,3338.61,564.68,27,20.66666667,Weekend,Home & Living
29/04/2017 00:00,4112.2,675.37,26,17.84,Weekend,Home & Living
23/04/2017 00:00,2070.49,508.96,27,13.73076923,Weekend,Home & Living
22/04/2017 00:00,3490.7,655.72,22,14.22727273,Weekend,Home & Living
16/04/2017 00:00,2004.6,448.62,18,19.11111111,Weekend,Home & Living
15/04/2017 00:00,4913.2,580.38,24,16.86956522,Weekend,Home & Living
09/04/2017 00:00,2644.33,602.07,28,14.55555556,Weekend,Home & Living
08/04/2017 00:00,2165.9,514.91,27,14.23076923,Weekend,Home & Living
02/04/2017 00:00,4881.57,791.02,29,16.71428571,Weekend,Home & Living
01/04/2017 00:00,9940.26,743.46,31,14.51612903,Weekend,Home & Living
26/03/2017 00:00,3520.13,790.77,32,14.83870968,Weekend,Home & Living
25/03/2017 00:00,2928.13,625.16,31,13.10344828,Weekend,Home & Living
19/03/2017 00:00,2247.33,528,25,10.16,Weekend,Home & Living
18/03/2017 00:00,3009.72,610.09,32,13.53333333,Weekend,Home & Living
12/03/2017 00:00,2510.86,528.88,28,11.2962963,Weekend,Home & Living
11/03/2017 00:00,4791.63,797.52,27,12.20833333,Weekend,Home & Living
05/03/2017 00:00,2714.01,578.06,29,12.46153846,Weekend,Home & Living
04/03/2017 00:00,3542.19,889.91,34,12.67741935,Weekend,Home & Living
26/02/2017 00:00,2662.48,447.42,19,12.89473684,Weekend,Home & Living
25/02/2017 00:00,2057.89,436.73,20,14.84210526,Weekend,Home & Living
19/02/2017 00:00,1979.74,323.65,18,13.52941176,Weekend,Home & Living
18/02/2017 00:00,3960.02,558.93,24,13.25,Weekend,Home & Living
12/02/2017 00:00,9361.46,655.24,25,13.16,Weekend,Home & Living
11/02/2017 00:00,2383.94,489.09,18,16.38888889,Weekend,Home & Living
05/02/2017 00:00,4048.63,799.74,33,11.72727273,Weekend,Home & Living
04/02/2017 00:00,3112.72,726.09,22,14.31818182,Weekend,Home & Living
29/01/2017 00:00,1547.08,257,12,14.09090909,Weekend,Home & Living
28/01/2017 00:00,1672.27,280,12,12.27272727,Weekend,Home & Living
22/01/2017 00:00,1161.17,267.27,13,9.307692308,Weekend,Home & Living
21/01/2017 00:00,1450.68,433.14,15,14.07692308,Weekend,Home & Living
15/01/2017 00:00,1356,235.85,8,12,Weekend,Home & Living
14/01/2017 00:00,564.3,132.82,10,15.88888889,Weekend,Home & Living
08/01/2017 00:00,568.6,74.56,4,9,Weekend,Home & Living
07/01/2017 00:00,34.9,12.93,1,58,Weekend,Home & Living
29/08/2018 00:00,109.9,9.52,1,1,Weekday,Media & Essential
28/08/2018 00:00,171.8,17.52,1,1,Weekday,Media & Essential
27/08/2018 00:00,400.64,76.88,8,2.375,Weekday,Media & Essential
24/08/2018 00:00,696.85,123.92,10,4.7,Weekday,Media & Essential
23/08/2018 00:00,2023.73,284.27,17,5.823529412,Weekday,Media & Essential
22/08/2018 00:00,2537.45,634.9,27,5.814814815,Weekday,Media & Essential
21/08/2018 00:00,1767.68,326.13,19,5.842105263,Weekday,Media & Essential
20/08/2018 00:00,2834.43,484.37,29,4.862068966,Weekday,Media & Essential
17/08/2018 00:00,3865.07,504.62,31,6.633333333,Weekday,Media & Essential
16/08/2018 00:00,1649.1,435.92,24,8.375,Weekday,Media & Essential
15/08/2018 00:00,3486.28,642.64,33,6.787878788,Weekday,Media & Essential
14/08/2018 00:00,4471.13,590.33,27,7.148148148,Weekday,Media & Essential
13/08/2018 00:00,2048.26,493.52,25,7.25,Weekday,Media & Essential
10/08/2018 00:00,2259.98,472.6,26,7.923076923,Weekday,Media & Essential
09/08/2018 00:00,1590.3,291.54,21,7.380952381,Weekday,Media & Essential
08/08/2018 00:00,3113.18,498.03,28,7.607142857,Weekday,Media & Essential
07/08/2018 00:00,4875.59,964.38,42,8.375,Weekday,Media & Essential
06/08/2018 00:00,3425.13,749.49,32,7.90625,Weekday,Media & Essential
03/08/2018 00:00,7216.42,672.8,31,9.2,Weekday,Media & Essential
02/08/2018 00:00,3269.31,615.89,27,8.461538462,Weekday,Media & Essential
01/08/2018 00:00,2981.59,604.57,28,10,Weekday,Media & Essential
31/07/2018 00:00,3666.35,598.73,28,7.071428571,Weekday,Media & Essential
30/07/2018 00:00,2726.43,543.24,32,6.838709677,Weekday,Media & Essential
27/07/2018 00:00,3003.85,423.88,18,8.277777778,Weekday,Media & Essential
26/07/2018 00:00,2872.02,617.66,28,8.481481481,Weekday,Media & Essential
25/07/2018 00:00,2530.07,692.26,25,8,Weekday,Media & Essential
24/07/2018 00:00,2253.61,560.87,24,7.25,Weekday,Media & Essential
23/07/2018 00:00,2769.34,457.27,25,8.84,Weekday,Media & Essential
20/07/2018 00:00,2548.43,675.58,26,8.807692308,Weekday,Media & Essential
19/07/2018 00:00,2497.92,517.58,22,8.909090909,Weekday,Media & Essential
18/07/2018 00:00,1943.98,515.77,25,7.16,Weekday,Media & Essential
17/07/2018 00:00,1948.99,551.5,25,9.08,Weekday,Media & Essential
16/07/2018 00:00,1283.04,329.42,16,10.125,Weekday,Media & Essential
13/07/2018 00:00,2157.33,623.64,24,11.16666667,Weekday,Media & Essential
12/07/2018 00:00,1033.65,172.5,9,9.222222222,Weekday,Media & Essential
11/07/2018 00:00,2460.63,494,16,8.066666667,Weekday,Media & Essential
10/07/2018 00:00,2791.95,417.38,9,9.777777778,Weekday,Media & Essential
09/07/2018 00:00,485.65,178.46,6,7.166666667,Weekday,Media & Essential
06/07/2018 00:00,1651.1,209.5,10,9.2,Weekday,Media & Essential
05/07/2018 00:00,1145.16,280.78,14,9.142857143,Weekday,Media & Essential
04/07/2018 00:00,1251.33,316.53,18,6.588235294,Weekday,Media & Essential
03/07/2018 00:00,1801.54,339.62,15,5.933333333,Weekday,Media & Essential
02/07/2018 00:00,2909.91,502.6,22,6.954545455,Weekday,Media & Essential
29/06/2018 00:00,1681.33,400.58,21,9.523809524,Weekday,Media & Essential
28/06/2018 00:00,1614.93,349.62,16,6.5,Weekday,Media & Essential
27/06/2018 00:00,1815.58,478.12,15,9.785714286,Weekday,Media & Essential
26/06/2018 00:00,1454.55,387.61,19,8.842105263,Weekday,Media & Essential
25/06/2018 00:00,3384.09,332.6,14,6.785714286,Weekday,Media & Essential
22/06/2018 00:00,1418.41,244.75,12,6.666666667,Weekday,Media & Essential
21/06/2018 00:00,1073.99,206.69,12,6.333333333,Weekday,Media & Essential
20/06/2018 00:00,2802.23,469.74,19,7.526315789,Weekday,Media & Essential
19/06/2018 00:00,1854.05,366.55,19,7,Weekday,Media & Essential
18/06/2018 00:00,1349.65,411.37,19,5.894736842,Weekday,Media & Essential
15/06/2018 00:00,2494.9,505.42,21,9.714285714,Weekday,Media & Essential
14/06/2018 00:00,1190.47,319.16,14,8.857142857,Weekday,Media & Essential
13/06/2018 00:00,1977.53,474.47,25,8.52,Weekday,Media & Essential
12/06/2018 00:00,5416.01,775.9,31,9.612903226,Weekday,Media & Essential
11/06/2018 00:00,1565.77,412.85,27,5.703703704,Weekday,Media & Essential
08/06/2018 00:00,2817.87,573.36,25,11.12,Weekday,Media & Essential
07/06/2018 00:00,2195.54,332.61,16,8.8125,Weekday,Media & Essential
06/06/2018 00:00,1513.23,524.01,24,9.458333333,Weekday,Media & Essential
05/06/2018 00:00,1380.12,385.96,21,7.714285714,Weekday,Media & Essential
04/06/2018 00:00,3181.49,565.77,23,8.695652174,Weekday,Media & Essential
01/06/2018 00:00,2729.96,343.83,18,9.888888889,Weekday,Media & Essential
31/05/2018 00:00,507.72,113.89,6,14.66666667,Weekday,Media & Essential
30/05/2018 00:00,1573.61,354.92,15,14.5,Weekday,Media & Essential
29/05/2018 00:00,1110.48,209.14,11,8.909090909,Weekday,Media & Essential
28/05/2018 00:00,944.13,143.15,9,12.33333333,Weekday,Media & Essential
25/05/2018 00:00,657.59,160.76,7,12.85714286,Weekday,Media & Essential
24/05/2018 00:00,447.59,140.51,9,10.77777778,Weekday,Media & Essential
23/05/2018 00:00,1367.73,248.54,17,9.705882353,Weekday,Media & Essential
22/05/2018 00:00,1332.13,266.11,21,9.523809524,Weekday,Media & Essential
21/05/2018 00:00,2382.46,471.73,24,12.45833333,Weekday,Media & Essential
18/05/2018 00:00,1729.34,233.32,18,11.44444444,Weekday,Media & Essential
17/05/2018 00:00,936.26,254.86,14,12.28571429,Weekday,Media & Essential
16/05/2018 00:00,3857.59,712.34,41,9.425,Weekday,Media & Essential
15/05/2018 00:00,2750.03,635.72,36,9.8,Weekday,Media & Essential
14/05/2018 00:00,6267.27,783.3,33,9.96875,Weekday,Media & Essential
11/05/2018 00:00,2914.44,579.5,31,10.35483871,Weekday,Media & Essential
10/05/2018 00:00,3224.98,433.05,19,9.277777778,Weekday,Media & Essential
09/05/2018 00:00,1772.81,383.63,26,7.807692308,Weekday,Media & Essential
08/05/2018 00:00,3047.33,529.65,30,10.56666667,Weekday,Media & Essential
07/05/2018 00:00,2983.6,705.41,32,7.35483871,Weekday,Media & Essential
04/05/2018 00:00,2589.1,500.39,24,13.25,Weekday,Media & Essential
03/05/2018 00:00,4981.42,835.42,25,8.52,Weekday,Media & Essential
02/05/2018 00:00,1554.62,253.02,18,8,Weekday,Media & Essential
01/05/2018 00:00,2248.42,515.55,21,11.52380952,Weekday,Media & Essential
30/04/2018 00:00,1295.55,360.54,20,10.7,Weekday,Media & Essential
27/04/2018 00:00,2212.52,444.86,25,9.64,Weekday,Media & Essential
26/04/2018 00:00,1747.92,335.54,18,6.941176471,Weekday,Media & Essential
25/04/2018 00:00,5052.64,640.63,27,11.51851852,Weekday,Media & Essential
24/04/2018 00:00,1663.51,412.67,18,13.83333333,Weekday,Media & Essential
23/04/2018 00:00,3919.31,672.31,25,10.29166667,Weekday,Media & Essential
20/04/2018 00:00,1487.52,353.97,22,10.68181818,Weekday,Media & Essential
19/04/2018 00:00,4938.35,713.16,22,10.13636364,Weekday,Media & Essential
18/04/2018 00:00,1767.91,477.07,24,10.04347826,Weekday,Media & Essential
17/04/2018 00:00,1516.63,282.76,16,11.875,Weekday,Media & Essential
16/04/2018 00:00,2611.47,453.07,21,7.952380952,Weekday,Media & Essential
13/04/2018 00:00,2356.72,468.87,18,11.88888889,Weekday,Media & Essential
12/04/2018 00:00,1215.21,415.35,22,10,Weekday,Media & Essential
11/04/2018 00:00,2487.34,478.06,15,9.666666667,Weekday,Media & Essential
10/04/2018 00:00,3849.27,448.69,16,11.8125,Weekday,Media & Essential
09/04/2018 00:00,4954.43,595.68,24,9.333333333,Weekday,Media & Essential
06/04/2018 00:00,1432.69,323.03,16,11.46666667,Weekday,Media & Essential
05/04/2018 00:00,2416.18,509.22,20,11.05,Weekday,Media & Essential
04/04/2018 00:00,2427.28,443.92,25,12.84,Weekday,Media & Essential
03/04/2018 00:00,1798.9,360.27,20,9.95,Weekday,Media & Essential
02/04/2018 00:00,1590.38,267.37,15,14,Weekday,Media & Essential
30/03/2018 00:00,1242.91,174.86,10,13.4,Weekday,Media & Essential
29/03/2018 00:00,720.8,204.94,8,17.57142857,Weekday,Media & Essential
28/03/2018 00:00,3255.88,384.02,17,13.66666667,Weekday,Media & Essential
27/03/2018 00:00,798.77,286.09,14,11.35714286,Weekday,Media & Essential
26/03/2018 00:00,2680.1,494.32,18,15.61111111,Weekday,Media & Essential
23/03/2018 00:00,2031.89,279.51,16,13.375,Weekday,Media & Essential
22/03/2018 00:00,2547.18,462.3,21,14.75,Weekday,Media & Essential
21/03/2018 00:00,935.91,304.4,15,13.8,Weekday,Media & Essential
20/03/2018 00:00,2837.63,689.38,27,14.88461538,Weekday,Media & Essential
19/03/2018 00:00,3275.26,554.49,25,15.91666667,Weekday,Media & Essential
16/03/2018 00:00,1572.49,274.05,15,16.85714286,Weekday,Media & Essential
15/03/2018 00:00,1587.43,297.36,15,15.33333333,Weekday,Media & Essential
14/03/2018 00:00,1259.93,271.26,14,14.14285714,Weekday,Media & Essential
13/03/2018 00:00,1608.97,259.35,12,19.83333333,Weekday,Media & Essential
12/03/2018 00:00,1233.23,382.43,16,16.75,Weekday,Media & Essential
09/03/2018 00:00,378.15,86.63,6,10.16666667,Weekday,Media & Essential
08/03/2018 00:00,917.74,179.87,11,15.63636364,Weekday,Media & Essential
07/03/2018 00:00,869.65,298.26,15,17.73333333,Weekday,Media & Essential
06/03/2018 00:00,1146.45,263.03,13,17.23076923,Weekday,Media & Essential
05/03/2018 00:00,1171.62,333.1,16,16.875,Weekday,Media & Essential
02/03/2018 00:00,2446.03,432.14,25,21.32,Weekday,Media & Essential
01/03/2018 00:00,1316.78,307.17,15,18.8,Weekday,Media & Essential
28/02/2018 00:00,2219.96,336.28,23,15.1,Weekday,Media & Essential
27/02/2018 00:00,2064.63,471.44,27,13.96296296,Weekday,Media & Essential
26/02/2018 00:00,885.73,321.8,17,20.05882353,Weekday,Media & Essential
23/02/2018 00:00,1798.12,278.2,15,14.26666667,Weekday,Media & Essential
22/02/2018 00:00,624.93,142.25,10,11.44444444,Weekday,Media & Essential
21/02/2018 00:00,2471.39,525.72,19,22.73684211,Weekday,Media & Essential
20/02/2018 00:00,1438.98,298.16,15,17.14285714,Weekday,Media & Essential
19/02/2018 00:00,1658.86,336.04,19,11.22222222,Weekday,Media & Essential
16/02/2018 00:00,1216.21,286.76,14,15.35714286,Weekday,Media & Essential
15/02/2018 00:00,2490.29,502.07,27,16.26086957,Weekday,Media & Essential
14/02/2018 00:00,2022.71,375.71,23,15.86363636,Weekday,Media & Essential
13/02/2018 00:00,948.49,217.57,12,10,Weekday,Media & Essential
12/02/2018 00:00,1456.57,398.66,11,15.72727273,Weekday,Media & Essential
09/02/2018 00:00,1965.55,271.05,16,15.2,Weekday,Media & Essential
08/02/2018 00:00,1349.98,286.81,16,19.5,Weekday,Media & Essential
07/02/2018 00:00,2192.17,357.18,13,18.07692308,Weekday,Media & Essential
06/02/2018 00:00,1225.8,311.62,16,15.21428571,Weekday,Media & Essential
05/02/2018 00:00,2515.93,406.37,20,11.57894737,Weekday,Media & Essential
02/02/2018 00:00,1390.39,338.72,18,14.94444444,Weekday,Media & Essential
01/02/2018 00:00,1718.67,441.19,19,13.58823529,Weekday,Media & Essential
31/01/2018 00:00,1346.1,205.87,13,12.15384615,Weekday,Media & Essential
30/01/2018 00:00,1994.68,567.58,24,14.95238095,Weekday,Media & Essential
29/01/2018 00:00,1316.38,244.86,15,12.93333333,Weekday,Media & Essential
26/01/2018 00:00,2496.18,302.54,16,13.875,Weekday,Media & Essential
25/01/2018 00:00,1185.06,198.42,13,9.230769231,Weekday,Media & Essential
24/01/2018 00:00,1424.98,395.9,17,20.52941176,Weekday,Media & Essential
23/01/2018 00:00,2221.35,419.7,20,15.7,Weekday,Media & Essential
22/01/2018 00:00,1984.5,354.13,19,8.277777778,Weekday,Media & Essential
19/01/2018 00:00,1747.87,292.57,17,17.82352941,Weekday,Media & Essential
18/01/2018 00:00,1693.47,311.22,17,14.64705882,Weekday,Media & Essential
17/01/2018 00:00,2233.36,417.25,22,15.72727273,Weekday,Media & Essential
16/01/2018 00:00,4158.26,464.54,25,13.28,Weekday,Media & Essential
15/01/2018 00:00,3163.4,690.13,36,15.65714286,Weekday,Media & Essential
12/01/2018 00:00,2156.26,403.85,23,15.65217391,Weekday,Media & Essential
11/01/2018 00:00,5594.13,703.37,35,16.24242424,Weekday,Media & Essential
10/01/2018 00:00,3685.72,644.43,33,14.58064516,Weekday,Media & Essential
09/01/2018 00:00,4492.4,862.81,41,19.51282051,Weekday,Media & Essential
08/01/2018 00:00,3513.2,627.52,33,12.48484848,Weekday,Media & Essential
05/01/2018 00:00,2615.69,303.98,16,15.86666667,Weekday,Media & Essential
04/01/2018 00:00,4353.7,664.58,36,14.44444444,Weekday,Media & Essential
03/01/2018 00:00,4018.54,565.14,26,14.23076923,Weekday,Media & Essential
02/01/2018 00:00,2901.32,536.83,31,11.70967742,Weekday,Media & Essential
01/01/2018 00:00,390.79,121.52,5,14,Weekday,Media & Essential
29/12/2017 00:00,1481.41,287.23,15,17.4,Weekday,Media & Essential
28/12/2017 00:00,1223.46,250.17,13,15.76923077,Weekday,Media & Essential
27/12/2017 00:00,1170.27,226,15,14.4,Weekday,Media & Essential
26/12/2017 00:00,1364.88,186.37,12,8.166666667,Weekday,Media & Essential
25/12/2017 00:00,779.89,185.44,9,8.5,Weekday,Media & Essential
22/12/2017 00:00,1276.26,307.53,16,18.86666667,Weekday,Media & Essential
21/12/2017 00:00,979.07,239.11,14,10.42857143,Weekday,Media & Essential
20/12/2017 00:00,2858.25,307.21,16,12.75,Weekday,Media & Essential
19/12/2017 00:00,1770.96,294.81,18,9.944444444,Weekday,Media & Essential
18/12/2017 00:00,2661.51,329.01,22,12.59090909,Weekday,Media & Essential
15/12/2017 00:00,1657.88,376.05,18,16.27777778,Weekday,Media & Essential
14/12/2017 00:00,2996.95,408.39,21,13.0952381,Weekday,Media & Essential
13/12/2017 00:00,1527.49,344.64,16,11.0625,Weekday,Media & Essential
12/12/2017 00:00,2636.61,476.52,22,19.90909091,Weekday,Media & Essential
11/12/2017 00:00,2277.63,392.52,21,14.61904762,Weekday,Media & Essential
08/12/2017 00:00,860.88,291.77,11,20.72727273,Weekday,Media & Essential
07/12/2017 00:00,1234.98,307.56,17,15.82352941,Weekday,Media & Essential
06/12/2017 00:00,1979.62,387.77,19,15.89473684,Weekday,Media & Essential
05/12/2017 00:00,1720.62,380.63,20,17.89473684,Weekday,Media & Essential
04/12/2017 00:00,4120.67,875.78,32,18.16666667,Weekday,Media & Essential
01/12/2017 00:00,2220.76,345.02,17,18.41176471,Weekday,Media & Essential
30/11/2017 00:00,2105.94,414.26,22,14.77272727,Weekday,Media & Essential
29/11/2017 00:00,3300.93,554.94,18,18.44444444,Weekday,Media & Essential
28/11/2017 00:00,3574.79,512.04,20,13.4,Weekday,Media & Essential
27/11/2017 00:00,1108.67,279.14,17,21.47058824,Weekday,Media & Essential
24/11/2017 00:00,6135.72,1210.18,52,16.26530612,Weekday,Media & Essential
23/11/2017 00:00,3456.85,371.89,15,12,Weekday,Media & Essential
22/11/2017 00:00,1061.67,297.11,14,13.30769231,Weekday,Media & Essential
21/11/2017 00:00,1542.32,292.32,15,8.8,Weekday,Media & Essential
20/11/2017 00:00,2471.78,245.74,10,19.2,Weekday,Media & Essential
17/11/2017 00:00,627.15,188.2,9,12.44444444,Weekday,Media & Essential
16/11/2017 00:00,2276.95,337.99,17,15.0625,Weekday,Media & Essential
15/11/2017 00:00,1884.28,344.06,11,16.36363636,Weekday,Media & Essential
14/11/2017 00:00,1349.03,296.96,15,19.64285714,Weekday,Media & Essential
13/11/2017 00:00,1655.29,469.34,18,15.22222222,Weekday,Media & Essential
10/11/2017 00:00,525.29,97.96,5,13,Weekday,Media & Essential
09/11/2017 00:00,2239.51,412.91,19,10.05882353,Weekday,Media & Essential
08/11/2017 00:00,746.88,174.59,8,11.42857143,Weekday,Media & Essential
07/11/2017 00:00,748.39,124.8,8,11.375,Weekday,Media & Essential
06/11/2017 00:00,1696.58,219.68,13,12.4,Weekday,Media & Essential
03/11/2017 00:00,2164.98,310.19,8,12.25,Weekday,Media & Essential
02/11/2017 00:00,866.25,172.6,6,15.16666667,Weekday,Media & Essential
01/11/2017 00:00,835.4,160.69,10,14.2,Weekday,Media & Essential
31/10/2017 00:00,980.02,137.01,9,11.44444444,Weekday,Media & Essential
30/10/2017 00:00,1247.8,190.49,11,8.636363636,Weekday,Media & Essential
27/10/2017 00:00,635.08,90.1,6,11,Weekday,Media & Essential
26/10/2017 00:00,492.78,120.97,7,9.142857143,Weekday,Media & Essential
25/10/2017 00:00,935.21,200.6,11,10.54545455,Weekday,Media & Essential
24/10/2017 00:00,1402.52,288.07,13,10.46153846,Weekday,Media & Essential
23/10/2017 00:00,1020.87,200.36,6,8.5,Weekday,Media & Essential
20/10/2017 00:00,2971.26,387.78,14,11,Weekday,Media & Essential
19/10/2017 00:00,513.39,155.85,7,11.71428571,Weekday,Media & Essential
18/10/2017 00:00,1782.6,306.98,12,15.33333333,Weekday,Media & Essential
17/10/2017 00:00,1418.26,398.03,11,16.3,Weekday,Media & Essential
16/10/2017 00:00,736.85,162.07,8,9.625,Weekday,Media & Essential
13/10/2017 00:00,644.3,119.47,8,10.875,Weekday,Media & Essential
12/10/2017 00:00,630.58,131.75,7,10.5,Weekday,Media & Essential
11/10/2017 00:00,1073.6,168.33,11,10.4,Weekday,Media & Essential
10/10/2017 00:00,1067.45,237.94,12,16.58333333,Weekday,Media & Essential
09/10/2017 00:00,982.73,216.11,7,12,Weekday,Media & Essential
06/10/2017 00:00,704.76,152.35,9,14.625,Weekday,Media & Essential
05/10/2017 00:00,2448.8,334.86,13,12.66666667,Weekday,Media & Essential
04/10/2017 00:00,374.85,87.29,7,8.857142857,Weekday,Media & Essential
03/10/2017 00:00,533.7,113.04,6,11.66666667,Weekday,Media & Essential
02/10/2017 00:00,221.9,64.67,4,10.25,Weekday,Media & Essential
29/09/2017 00:00,490.79,147.93,5,8.8,Weekday,Media & Essential
28/09/2017 00:00,2019.7,155.35,6,9.333333333,Weekday,Media & Essential
27/09/2017 00:00,437.66,120,8,11.25,Weekday,Media & Essential
26/09/2017 00:00,849.5,120.22,8,8.625,Weekday,Media & Essential
25/09/2017 00:00,1072,141.28,6,10.33333333,Weekday,Media & Essential
22/09/2017 00:00,354.87,59.46,4,9.5,Weekday,Media & Essential
21/09/2017 00:00,681.32,119.52,8,11.57142857,Weekday,Media & Essential
20/09/2017 00:00,1702.88,196.32,12,9.916666667,Weekday,Media & Essential
19/09/2017 00:00,950.85,209.45,10,12.3,Weekday,Media & Essential
18/09/2017 00:00,922.4,170.96,9,11.77777778,Weekday,Media & Essential
15/09/2017 00:00,930.68,230.14,12,11.91666667,Weekday,Media & Essential
14/09/2017 00:00,660.24,166.28,7,13.85714286,Weekday,Media & Essential
13/09/2017 00:00,686.36,131.3,9,9.375,Weekday,Media & Essential
12/09/2017 00:00,2052.86,331.73,11,18.5,Weekday,Media & Essential
11/09/2017 00:00,1870.43,238.17,14,8.230769231,Weekday,Media & Essential
08/09/2017 00:00,736.03,183.85,9,13,Weekday,Media & Essential
07/09/2017 00:00,1809.68,157.2,7,11.71428571,Weekday,Media & Essential
06/09/2017 00:00,208.44,65.84,5,10,Weekday,Media & Essential
05/09/2017 00:00,558.25,99.04,7,8.571428571,Weekday,Media & Essential
04/09/2017 00:00,1103.15,217.36,10,10.3,Weekday,Media & Essential
01/09/2017 00:00,2065.54,174.34,8,11.875,Weekday,Media & Essential
31/08/2017 00:00,1781.19,195.17,10,9.8,Weekday,Media & Essential
30/08/2017 00:00,2200.72,316.34,16,9.25,Weekday,Media & Essential
29/08/2017 00:00,517.57,116.97,6,7.333333333,Weekday,Media & Essential
28/08/2017 00:00,695.23,176.93,10,8.444444444,Weekday,Media & Essential
25/08/2017 00:00,1498.79,203.67,10,12,Weekday,Media & Essential
24/08/2017 00:00,1126.97,415.47,14,10.57142857,Weekday,Media & Essential
23/08/2017 00:00,486.89,103.57,5,11.8,Weekday,Media & Essential
22/08/2017 00:00,699.08,155.23,9,8.555555556,Weekday,Media & Essential
21/08/2017 00:00,3089,400.1,20,7.85,Weekday,Media & Essential
18/08/2017 00:00,908.38,163.96,7,13.28571429,Weekday,Media & Essential
17/08/2017 00:00,420.59,113.01,7,14.71428571,Weekday,Media & Essential
16/08/2017 00:00,2546.56,289.03,11,12.18181818,Weekday,Media & Essential
15/08/2017 00:00,474.71,138.23,7,12.71428571,Weekday,Media & Essential
14/08/2017 00:00,375.78,93.84,6,9.333333333,Weekday,Media & Essential
11/08/2017 00:00,1976.63,367.26,13,10.90909091,Weekday,Media & Essential
10/08/2017 00:00,1084.1,282.94,11,10.3,Weekday,Media & Essential
09/08/2017 00:00,1096.19,128.2,9,9.333333333,Weekday,Media & Essential
08/08/2017 00:00,1174.44,243.32,15,10.13333333,Weekday,Media & Essential
07/08/2017 00:00,1108.59,179.67,9,10.66666667,Weekday,Media & Essential
04/08/2017 00:00,1702.37,217.83,13,9.153846154,Weekday,Media & Essential
03/08/2017 00:00,1188.67,130.57,8,10.375,Weekday,Media & Essential
02/08/2017 00:00,1244.29,160.47,7,12.28571429,Weekday,Media & Essential
01/08/2017 00:00,1146.59,155.5,8,6.5,Weekday,Media & Essential
31/07/2017 00:00,2140.59,261.14,9,10.44444444,Weekday,Media & Essential
28/07/2017 00:00,538.43,108.28,7,9.142857143,Weekday,Media & Essential
27/07/2017 00:00,1092.84,175.85,7,15.33333333,Weekday,Media & Essential
26/07/2017 00:00,1605.9,255.02,8,13.25,Weekday,Media & Essential
25/07/2017 00:00,1255.73,213.73,10,9.111111111,Weekday,Media & Essential
24/07/2017 00:00,1596,259.37,12,9.454545455,Weekday,Media & Essential
21/07/2017 00:00,732.99,117.12,8,9.375,Weekday,Media & Essential
20/07/2017 00:00,647.8,140,6,10.83333333,Weekday,Media & Essential
19/07/2017 00:00,425.6,110.78,7,9.857142857,Weekday,Media & Essential
18/07/2017 00:00,460.5,87.5,6,11,Weekday,Media & Essential
17/07/2017 00:00,1393.98,359.13,11,8.545454545,Weekday,Media & Essential
14/07/2017 00:00,1917.56,178.8,8,9,Weekday,Media & Essential
13/07/2017 00:00,339.48,154.73,7,11.5,Weekday,Media & Essential
12/07/2017 00:00,1382.35,234.79,9,14.28571429,Weekday,Media & Essential
11/07/2017 00:00,1085.79,291.99,10,12.7,Weekday,Media & Essential
10/07/2017 00:00,1252.43,152.11,7,14.28571429,Weekday,Media & Essential
07/07/2017 00:00,1255.3,92.38,6,8.833333333,Weekday,Media & Essential
06/07/2017 00:00,661.78,104.3,7,10.85714286,Weekday,Media & Essential
05/07/2017 00:00,2213.47,370.66,13,12.76923077,Weekday,Media & Essential
04/07/2017 00:00,739.33,228.86,12,11.5,Weekday,Media & Essential
03/07/2017 00:00,1153.58,145.62,9,7.111111111,Weekday,Media & Essential
30/06/2017 00:00,185.54,43.07,3,7.333333333,Weekday,Media & Essential
29/06/2017 00:00,366.24,65.58,4,15.75,Weekday,Media & Essential
28/06/2017 00:00,1001.7,90.82,5,8.4,Weekday,Media & Essential
27/06/2017 00:00,1025.57,122.33,8,8.625,Weekday,Media & Essential
26/06/2017 00:00,554.85,163.52,9,9,Weekday,Media & Essential
23/06/2017 00:00,846.71,173.25,9,10.77777778,Weekday,Media & Essential
22/06/2017 00:00,479.8,67.76,4,18.25,Weekday,Media & Essential
21/06/2017 00:00,369.26,70.8,2,10,Weekday,Media & Essential
20/06/2017 00:00,597.9,83.79,3,10.33333333,Weekday,Media & Essential
19/06/2017 00:00,1673.07,259,11,12.27272727,Weekday,Media & Essential
16/06/2017 00:00,447.95,83.75,4,11.25,Weekday,Media & Essential
15/06/2017 00:00,1380.79,153.24,5,17.8,Weekday,Media & Essential
14/06/2017 00:00,637.3,142.65,5,17.6,Weekday,Media & Essential
13/06/2017 00:00,646.38,84.48,5,8.8,Weekday,Media & Essential
12/06/2017 00:00,354.9,98.29,3,6,Weekday,Media & Essential
09/06/2017 00:00,637.79,84.04,4,10.5,Weekday,Media & Essential
08/06/2017 00:00,788.72,202.21,10,11.1,Weekday,Media & Essential
07/06/2017 00:00,1083.47,241.4,11,13.45454545,Weekday,Media & Essential
06/06/2017 00:00,243.79,92.6,4,9.25,Weekday,Media & Essential
05/06/2017 00:00,504.12,144.74,10,8.6,Weekday,Media & Essential
02/06/2017 00:00,743.39,130.85,8,12.375,Weekday,Media & Essential
01/06/2017 00:00,685.59,124.88,8,12,Weekday,Media & Essential
31/05/2017 00:00,1301.8,252.17,9,11.625,Weekday,Media & Essential
30/05/2017 00:00,633.34,63.7,4,11.25,Weekday,Media & Essential
29/05/2017 00:00,1745.09,215.53,11,8.818181818,Weekday,Media & Essential
26/05/2017 00:00,69,17.73,1,5,Weekday,Media & Essential
25/05/2017 00:00,516.11,110.12,7,8.142857143,Weekday,Media & Essential
24/05/2017 00:00,7393.62,454.74,10,10.5,Weekday,Media & Essential
23/05/2017 00:00,1935.92,40.79,2,9,Weekday,Media & Essential
22/05/2017 00:00,1157.48,125.82,7,8.428571429,Weekday,Media & Essential
19/05/2017 00:00,209.89,16.69,2,3.5,Weekday,Media & Essential
18/05/2017 00:00,520.6,102.79,6,10.16666667,Weekday,Media & Essential
17/05/2017 00:00,2513.73,146.77,6,13.16666667,Weekday,Media & Essential
16/05/2017 00:00,892.5,162.68,9,7.777777778,Weekday,Media & Essential
15/05/2017 00:00,1321.33,222.57,14,8.857142857,Weekday,Media & Essential
12/05/2017 00:00,528.18,115.92,7,10.57142857,Weekday,Media & Essential
11/05/2017 00:00,903.9,215.35,13,9.461538462,Weekday,Media & Essential
10/05/2017 00:00,2563.01,220.31,8,9.714285714,Weekday,Media & Essential
09/05/2017 00:00,417.59,161.12,5,11.2,Weekday,Media & Essential
08/05/2017 00:00,381.69,77.46,6,8.833333333,Weekday,Media & Essential
05/05/2017 00:00,1042.2,228.7,13,11.45454545,Weekday,Media & Essential
04/05/2017 00:00,235.97,56.01,3,10.66666667,Weekday,Media & Essential
03/05/2017 00:00,990.99,226.65,11,30.45454545,Weekday,Media & Essential
02/05/2017 00:00,1287.24,204.59,11,12.90909091,Weekday,Media & Essential
01/05/2017 00:00,1083.9,178.47,10,15,Weekday,Media & Essential
28/04/2017 00:00,909.49,83.26,4,13.5,Weekday,Media & Essential
27/04/2017 00:00,882.3,136.23,8,9.166666667,Weekday,Media & Essential
26/04/2017 00:00,1417.04,193.54,12,15.16666667,Weekday,Media & Essential
25/04/2017 00:00,736.7,130.21,5,18.8,Weekday,Media & Essential
24/04/2017 00:00,463.1,86.3,4,14.75,Weekday,Media & Essential
21/04/2017 00:00,651.44,74.7,4,15.75,Weekday,Media & Essential
20/04/2017 00:00,833.79,92.22,5,18.8,Weekday,Media & Essential
19/04/2017 00:00,2023.95,160.16,10,17.4,Weekday,Media & Essential
18/04/2017 00:00,945.29,173.44,7,18,Weekday,Media & Essential
17/04/2017 00:00,557.59,89.55,5,15.75,Weekday,Media & Essential
14/04/2017 00:00,275.9,54.27,2,12,Weekday,Media & Essential
13/04/2017 00:00,591.87,113.52,6,20,Weekday,Media & Essential
12/04/2017 00:00,349.4,74.18,6,17.16666667,Weekday,Media & Essential
11/04/2017 00:00,458.69,64.26,5,15.4,Weekday,Media & Essential
10/04/2017 00:00,299.7,53.13,3,10,Weekday,Media & Essential
07/04/2017 00:00,940.08,134.4,7,13,Weekday,Media & Essential
06/04/2017 00:00,1195.69,116.64,7,16.57142857,Weekday,Media & Essential
05/04/2017 00:00,1972.58,95.77,7,5.714285714,Weekday,Media & Essential
04/04/2017 00:00,208.89,43.68,3,9,Weekday,Media & Essential
03/04/2017 00:00,2132.38,292.54,4,17,Weekday,Media & Essential
31/03/2017 00:00,806.59,157.09,9,10.66666667,Weekday,Media & Essential
30/03/2017 00:00,153.02,46.78,3,11.33333333,Weekday,Media & Essential
29/03/2017 00:00,288.78,57.5,4,9.333333333,Weekday,Media & Essential
28/03/2017 00:00,1385.47,281.67,11,9.909090909,Weekday,Media & Essential
27/03/2017 00:00,898.69,152.76,7,13.71428571,Weekday,Media & Essential
24/03/2017 00:00,1213.35,77.71,4,14.33333333,Weekday,Media & Essential
23/03/2017 00:00,268.78,96.4,5,10,Weekday,Media & Essential
22/03/2017 00:00,790.37,146.07,9,9.444444444,Weekday,Media & Essential
21/03/2017 00:00,534.56,101.44,6,10.5,Weekday,Media & Essential
20/03/2017 00:00,279.69,61.47,4,11,Weekday,Media & Essential
17/03/2017 00:00,730.45,90.94,4,11.75,Weekday,Media & Essential
16/03/2017 00:00,661.78,153.6,7,11.28571429,Weekday,Media & Essential
15/03/2017 00:00,733.91,173.16,12,10.72727273,Weekday,Media & Essential
14/03/2017 00:00,1651.71,188.21,7,13.85714286,Weekday,Media & Essential
13/03/2017 00:00,843.69,164.33,9,15.875,Weekday,Media & Essential
10/03/2017 00:00,537.2,135.48,7,13.16666667,Weekday,Media & Essential
09/03/2017 00:00,571.6,104.51,5,7.8,Weekday,Media & Essential
08/03/2017 00:00,1048.82,170.24,6,45,Weekday,Media & Essential
07/03/2017 00:00,901.81,133.39,8,8.125,Weekday,Media & Essential
06/03/2017 00:00,2280.78,173.9,9,6.571428571,Weekday,Media & Essential
03/03/2017 00:00,1459.8,123.87,6,9.833333333,Weekday,Media & Essential
02/03/2017 00:00,349.8,63.5,3,16.66666667,Weekday,Media & Essential
01/03/2017 00:00,586.8,106.64,6,8.5,Weekday,Media & Essential
28/02/2017 00:00,288.36,97.58,3,9,Weekday,Media & Essential
27/02/2017 00:00,449.79,52.94,2,8,Weekday,Media & Essential
24/02/2017 00:00,227.59,56.88,3,16,Weekday,Media & Essential
23/02/2017 00:00,68.99,8.85,1,19,Weekday,Media & Essential
22/02/2017 00:00,517.4,134.72,5,20.2,Weekday,Media & Essential
21/02/2017 00:00,398.96,100.56,3,18,Weekday,Media & Essential
20/02/2017 00:00,209.08,40.2,3,9.333333333,Weekday,Media & Essential
17/02/2017 00:00,306.4,81.13,3,16,Weekday,Media & Essential
16/02/2017 00:00,968.34,248.69,7,18.5,Weekday,Media & Essential
15/02/2017 00:00,268.99,44.25,2,7,Weekday,Media & Essential
14/02/2017 00:00,822.97,69.58,3,18,Weekday,Media & Essential
13/02/2017 00:00,395.19,103.56,6,9.166666667,Weekday,Media & Essential
10/02/2017 00:00,167.7,45.41,3,12,Weekday,Media & Essential
09/02/2017 00:00,309.2,60.03,4,7.5,Weekday,Media & Essential
08/02/2017 00:00,1016.7,176.14,10,13.5,Weekday,Media & Essential
07/02/2017 00:00,340.92,106.5,6,10.66666667,Weekday,Media & Essential
06/02/2017 00:00,150.88,58.38,3,8.666666667,Weekday,Media & Essential
03/02/2017 00:00,1392.15,38.2,2,69,Weekday,Media & Essential
02/02/2017 00:00,389.8,55.92,2,15,Weekday,Media & Essential
01/02/2017 00:00,449.1,95.47,6,10.6,Weekday,Media & Essential
31/01/2017 00:00,164.7,55.91,3,11.66666667,Weekday,Media & Essential
30/01/2017 00:00,25,18,1,8,Weekday,Media & Essential
27/01/2017 00:00,1098.44,118.75,6,14.66666667,Weekday,Media & Essential
26/01/2017 00:00,369.8,25.77,2,9.5,Weekday,Media & Essential
24/01/2017 00:00,224.16,15.74,1,6,Weekday,Media & Essential
23/01/2017 00:00,135.9,16.16,1,21,Weekday,Media & Essential
20/01/2017 00:00,318.44,69.2,1,21,Weekday,Media & Essential
19/01/2017 00:00,62.9,24.93,1,11,Weekday,Media & Essential
18/01/2017 00:00,312.81,74.69,3,18,Weekday,Media & Essential
16/01/2017 00:00,107.4,30.18,2,10,Weekday,Media & Essential
09/01/2017 00:00,7.9,8.72,1,7,Weekday,Media & Essential
05/01/2017 00:00,73.2,69.76,8,11.25,Weekday,Media & Essential
29/08/2018 00:00,442.9,101.29,2,1,Weekday,Home & Living
28/08/2018 00:00,2004.96,243.57,17,2,Weekday,Home & Living
27/08/2018 00:00,2037.06,294.69,24,2.583333333,Weekday,Home & Living
24/08/2018 00:00,4086.86,856.94,36,5.371428571,Weekday,Home & Living
23/08/2018 00:00,6588.06,850.27,43,5.395348837,Weekday,Home & Living
22/08/2018 00:00,6678.21,1703.94,73,5.638888889,Weekday,Home & Living
21/08/2018 00:00,8015.94,1812.33,86,5.406976744,Weekday,Home & Living
20/08/2018 00:00,15627.37,2494.47,101,5.87,Weekday,Home & Living
17/08/2018 00:00,14192.91,2762.63,100,8.020408163,Weekday,Home & Living
16/08/2018 00:00,13584.07,2860.35,113,7.495575221,Weekday,Home & Living
15/08/2018 00:00,13387.43,2885.14,112,7.436363636,Weekday,Home & Living
14/08/2018 00:00,19638.42,3685.33,140,7.826086957,Weekday,Home & Living
13/08/2018 00:00,17811.62,3798.23,128,7.365079365,Weekday,Home & Living
10/08/2018 00:00,14795.92,3050.25,99,9.628865979,Weekday,Home & Living
09/08/2018 00:00,15419.35,3187.47,110,8.330275229,Weekday,Home & Living
08/08/2018 00:00,20159.97,4116.31,136,8.141791045,Weekday,Home & Living
07/08/2018 00:00,15786.67,4184.96,143,8.106382979,Weekday,Home & Living
06/08/2018 00:00,23339.06,4452.79,140,8.381294964,Weekday,Home & Living
03/08/2018 00:00,13323.3,2821.5,103,9.166666667,Weekday,Home & Living
02/08/2018 00:00,14521.2,3138.4,109,9,Weekday,Home & Living
01/08/2018 00:00,12606.78,3331.25,112,8.090909091,Weekday,Home & Living
31/07/2018 00:00,19219.92,4127.13,138,7.473684211,Weekday,Home & Living
30/07/2018 00:00,16382.28,3006.54,105,8.087378641,Weekday,Home & Living
27/07/2018 00:00,10884.29,2273.94,65,8.707692308,Weekday,Home & Living
26/07/2018 00:00,11839.97,2478.54,87,8.034883721,Weekday,Home & Living
25/07/2018 00:00,13307.75,3510.53,103,9.509803922,Weekday,Home & Living
24/07/2018 00:00,17703.64,3204.45,124,7.512195122,Weekday,Home & Living
23/07/2018 00:00,17838.1,3748.6,118,7.601694915,Weekday,Home & Living
20/07/2018 00:00,12488.06,2567.51,98,9.422680412,Weekday,Home & Living
19/07/2018 00:00,18806.17,3317.46,113,8.909090909,Weekday,Home & Living
18/07/2018 00:00,19848.62,4115.58,132,7.953846154,Weekday,Home & Living
17/07/2018 00:00,12401.24,2309.66,84,9.182926829,Weekday,Home & Living
16/07/2018 00:00,11450.76,2887.08,98,9.583333333,Weekday,Home & Living
13/07/2018 00:00,9957.34,1721.57,52,11.05769231,Weekday,Home & Living
12/07/2018 00:00,7975.88,1553.96,43,11.72093023,Weekday,Home & Living
11/07/2018 00:00,5895.39,1269.62,41,13.025,Weekday,Home & Living
10/07/2018 00:00,7409.72,1465.02,45,8.954545455,Weekday,Home & Living
09/07/2018 00:00,7767.07,1366.89,47,9.744680851,Weekday,Home & Living
06/07/2018 00:00,10036.14,1700.37,51,9.68627451,Weekday,Home & Living
05/07/2018 00:00,13894.76,2374.14,76,8.613333333,Weekday,Home & Living
04/07/2018 00:00,15030.02,2810.29,108,6.971962617,Weekday,Home & Living
03/07/2018 00:00,9895.82,2204.91,74,8.191780822,Weekday,Home & Living
02/07/2018 00:00,9434.2,3909.67,76,7.078947368,Weekday,Home & Living
29/06/2018 00:00,9410.6,2044.01,62,8.916666667,Weekday,Home & Living
28/06/2018 00:00,13470.1,3089.74,98,8.659793814,Weekday,Home & Living
27/06/2018 00:00,12360.54,3233.06,94,8.925531915,Weekday,Home & Living
26/06/2018 00:00,14636.05,3783.73,107,8.066666667,Weekday,Home & Living
25/06/2018 00:00,16068.14,2617.65,91,7.043956044,Weekday,Home & Living
22/06/2018 00:00,7539.68,1669.76,65,9.292307692,Weekday,Home & Living
21/06/2018 00:00,10232.26,2464.3,89,9.022727273,Weekday,Home & Living
20/06/2018 00:00,11516.32,2166.59,82,8.160493827,Weekday,Home & Living
19/06/2018 00:00,15311.27,2543.64,92,9.098901099,Weekday,Home & Living
18/06/2018 00:00,13817.79,2717.27,90,7.816091954,Weekday,Home & Living
15/06/2018 00:00,10918.51,2190.66,68,10.89552239,Weekday,Home & Living
14/06/2018 00:00,10458.37,2091.38,84,9.416666667,Weekday,Home & Living
13/06/2018 00:00,10733.9,2887.15,99,8.270833333,Weekday,Home & Living
12/06/2018 00:00,15185.24,2353.57,85,8.385542169,Weekday,Home & Living
11/06/2018 00:00,19918.67,3400.23,111,8.810810811,Weekday,Home & Living
08/06/2018 00:00,7075.24,1724.87,60,11.46666667,Weekday,Home & Living
07/06/2018 00:00,13523.06,2451.2,83,9.927710843,Weekday,Home & Living
06/06/2018 00:00,10765.97,2855.28,84,11.01190476,Weekday,Home & Living
05/06/2018 00:00,11850.65,2652.01,83,10.01204819,Weekday,Home & Living
04/06/2018 00:00,10366.22,2623.15,94,9.827956989,Weekday,Home & Living
01/06/2018 00:00,15546.16,2521.92,76,11.93421053,Weekday,Home & Living
31/05/2018 00:00,6709.55,1355.11,56,11.67857143,Weekday,Home & Living
30/05/2018 00:00,9445.99,1477.06,51,11.76470588,Weekday,Home & Living
29/05/2018 00:00,7324.53,1570.69,58,11.87931034,Weekday,Home & Living
28/05/2018 00:00,10601.77,1618.37,64,10.46875,Weekday,Home & Living
25/05/2018 00:00,8132.44,1174.97,55,12.07272727,Weekday,Home & Living
24/05/2018 00:00,13354.55,1244.28,55,11.32727273,Weekday,Home & Living
23/05/2018 00:00,10130.11,1464.01,56,13.35714286,Weekday,Home & Living
22/05/2018 00:00,11999.2,2083.83,88,11.70930233,Weekday,Home & Living
21/05/2018 00:00,7720.91,1631.85,69,13.07246377,Weekday,Home & Living
18/05/2018 00:00,13559.35,2648.35,110,14.55045872,Weekday,Home & Living
17/05/2018 00:00,15161.7,2275.26,92,15.0989011,Weekday,Home & Living
16/05/2018 00:00,22838.11,3890.47,138,12.96376812,Weekday,Home & Living
15/05/2018 00:00,18745.99,4515.53,144,11.13888889,Weekday,Home & Living
14/05/2018 00:00,23125.52,3565.03,143,10.52517986,Weekday,Home & Living
11/05/2018 00:00,14140.67,2094.71,83,10.65853659,Weekday,Home & Living
10/05/2018 00:00,19449.51,3168.29,98,9.885416667,Weekday,Home & Living
09/05/2018 00:00,13872.31,2945.58,113,10.41818182,Weekday,Home & Living
08/05/2018 00:00,19115.53,3043.19,115,8.619469027,Weekday,Home & Living
07/05/2018 00:00,19779.64,3577.47,132,10.68992248,Weekday,Home & Living
04/05/2018 00:00,13880.76,2175.1,89,10.76136364,Weekday,Home & Living
03/05/2018 00:00,12348.44,2890.05,103,10.85436893,Weekday,Home & Living
02/05/2018 00:00,14286.39,2550.23,103,11.00990099,Weekday,Home & Living
01/05/2018 00:00,10666.47,2025.05,92,10.63333333,Weekday,Home & Living
30/04/2018 00:00,15019.04,2222,86,10.03571429,Weekday,Home & Living
27/04/2018 00:00,19407.55,2929.05,99,12.60824742,Weekday,Home & Living
26/04/2018 00:00,11544.83,2200.83,95,10.60869565,Weekday,Home & Living
25/04/2018 00:00,14896.46,2634.74,108,11.01904762,Weekday,Home & Living
24/04/2018 00:00,14928.29,3220.74,95,11.21978022,Weekday,Home & Living
23/04/2018 00:00,16711.61,2857.6,113,10.08849558,Weekday,Home & Living
20/04/2018 00:00,9949.44,1790.59,71,11.9,Weekday,Home & Living
19/04/2018 00:00,16182.68,2909.03,121,11.55833333,Weekday,Home & Living
18/04/2018 00:00,17456.82,3633.75,118,12.69565217,Weekday,Home & Living
17/04/2018 00:00,16287.71,2579.81,121,10.89915966,Weekday,Home & Living
16/04/2018 00:00,16035.76,2754.68,105,10.6,Weekday,Home & Living
13/04/2018 00:00,11453.81,2533.38,85,12.23809524,Weekday,Home & Living
12/04/2018 00:00,16756.11,2396.44,102,11.21782178,Weekday,Home & Living
11/04/2018 00:00,15551.76,2817.03,108,11.09615385,Weekday,Home & Living
10/04/2018 00:00,10143.21,2039.84,86,9.951807229,Weekday,Home & Living
09/04/2018 00:00,20028.72,2846.15,93,10.91304348,Weekday,Home & Living
06/04/2018 00:00,10807.61,1988.49,73,12.60869565,Weekday,Home & Living
05/04/2018 00:00,12433.58,2762.44,112,10.42727273,Weekday,Home & Living
04/04/2018 00:00,15840.78,2426.55,94,12.09677419,Weekday,Home & Living
03/04/2018 00:00,13542.04,2109.03,77,14.56578947,Weekday,Home & Living
02/04/2018 00:00,18754.16,3886.72,107,13.82692308,Weekday,Home & Living
30/03/2018 00:00,11708.18,2086.82,68,14.14925373,Weekday,Home & Living
29/03/2018 00:00,12413.43,2309.57,81,15.17721519,Weekday,Home & Living
28/03/2018 00:00,8023.53,1827.91,79,14.90540541,Weekday,Home & Living
27/03/2018 00:00,14505.4,2747.78,96,15.10989011,Weekday,Home & Living
26/03/2018 00:00,11788.37,2174.82,91,14.125,Weekday,Home & Living
23/03/2018 00:00,9311.64,1875.55,71,14.11594203,Weekday,Home & Living
22/03/2018 00:00,13020.09,2757.99,93,13.2688172,Weekday,Home & Living
21/03/2018 00:00,12552.68,2826.24,109,14.43809524,Weekday,Home & Living
20/03/2018 00:00,13362.59,3267.49,112,13.38181818,Weekday,Home & Living
19/03/2018 00:00,13012.43,3730.81,103,14.27,Weekday,Home & Living
16/03/2018 00:00,11529.63,2489.21,81,17.09876543,Weekday,Home & Living
15/03/2018 00:00,14383.9,3108.73,104,17.41836735,Weekday,Home & Living
14/03/2018 00:00,7755.14,1775.9,62,19.80327869,Weekday,Home & Living
13/03/2018 00:00,14560.96,2831.95,83,16.56410256,Weekday,Home & Living
12/03/2018 00:00,9380.79,1877.64,75,19.38356164,Weekday,Home & Living
09/03/2018 00:00,9837.14,2198.77,74,19.6,Weekday,Home & Living
08/03/2018 00:00,11513.64,2640.04,82,16.79746835,Weekday,Home & Living
07/03/2018 00:00,11914.24,2336.13,82,17.58024691,Weekday,Home & Living
06/03/2018 00:00,13283.01,2903.67,93,17.26086957,Weekday,Home & Living
05/03/2018 00:00,15353.76,3262.51,98,17.65957447,Weekday,Home & Living
02/03/2018 00:00,9324.8,2196.84,80,19.82278481,Weekday,Home & Living
01/03/2018 00:00,16577.34,3064.29,94,18.68131868,Weekday,Home & Living
28/02/2018 00:00,15153.5,3017.54,109,19.29906542,Weekday,Home & Living
27/02/2018 00:00,14010.21,2871.28,98,19.36842105,Weekday,Home & Living
26/02/2018 00:00,13638.39,2563.53,107,18.92380952,Weekday,Home & Living
23/02/2018 00:00,11947.7,2008.5,96,18.33684211,Weekday,Home & Living
22/02/2018 00:00,8715.84,2107.39,87,17.48837209,Weekday,Home & Living
21/02/2018 00:00,8991.01,1644.11,70,17.61428571,Weekday,Home & Living
20/02/2018 00:00,16340.11,2208.66,93,13.8021978,Weekday,Home & Living
19/02/2018 00:00,10808.43,2031.45,76,16.28378378,Weekday,Home & Living
16/02/2018 00:00,10927.39,1944.22,72,14.81944444,Weekday,Home & Living
15/02/2018 00:00,11219.98,2445.73,101,15.4040404,Weekday,Home & Living
14/02/2018 00:00,15316.03,3010.43,119,14.71551724,Weekday,Home & Living
13/02/2018 00:00,8327.96,2020.47,81,14.81012658,Weekday,Home & Living
12/02/2018 00:00,6458.75,1651.5,75,16.97333333,Weekday,Home & Living
09/02/2018 00:00,13016.82,1621.4,71,20.41428571,Weekday,Home & Living
08/02/2018 00:00,8399.01,1550.97,67,18.02985075,Weekday,Home & Living
07/02/2018 00:00,10720.43,1782,81,16.15,Weekday,Home & Living
06/02/2018 00:00,11832.32,2294.67,91,17.69662921,Weekday,Home & Living
05/02/2018 00:00,15817.71,2476.65,95,16.21052632,Weekday,Home & Living
02/02/2018 00:00,10308.33,1837.59,70,16.30882353,Weekday,Home & Living
01/02/2018 00:00,9017.41,2331.99,71,13.72857143,Weekday,Home & Living
31/01/2018 00:00,12679.13,1884.25,79,14.14102564,Weekday,Home & Living
30/01/2018 00:00,11031.17,2249.26,79,16.5974026,Weekday,Home & Living
29/01/2018 00:00,11128.09,2286.82,87,16.24418605,Weekday,Home & Living
26/01/2018 00:00,13010.46,2497.08,82,16.225,Weekday,Home & Living
25/01/2018 00:00,12171.76,2510.28,93,15.87912088,Weekday,Home & Living
24/01/2018 00:00,10559.18,1932.75,71,17.07246377,Weekday,Home & Living
23/01/2018 00:00,11065.23,2075.34,92,13.18888889,Weekday,Home & Living
22/01/2018 00:00,11920.69,1968.14,91,11.72527473,Weekday,Home & Living
19/01/2018 00:00,9297.72,1937.12,75,15.34246575,Weekday,Home & Living
18/01/2018 00:00,10726.54,1888.37,74,13.95945946,Weekday,Home & Living
17/01/2018 00:00,10669.86,2238.71,87,13.59770115,Weekday,Home & Living
16/01/2018 00:00,15714.82,2702.91,105,11.94117647,Weekday,Home & Living
15/01/2018 00:00,12064.68,2509.14,96,13.22105263,Weekday,Home & Living
12/01/2018 00:00,10537.2,2429.47,83,15.16049383,Weekday,Home & Living
11/01/2018 00:00,13056.03,2376.18,82,15.7804878,Weekday,Home & Living
10/01/2018 00:00,15278.89,2264.65,89,15.68181818,Weekday,Home & Living
09/01/2018 00:00,8149.83,1545.99,71,12.17142857,Weekday,Home & Living
08/01/2018 00:00,10907.85,2016.35,88,13.32183908,Weekday,Home & Living
05/01/2018 00:00,10426.88,2048.97,83,14.69135802,Weekday,Home & Living
04/01/2018 00:00,10933.09,1729.65,80,15.41772152,Weekday,Home & Living
03/01/2018 00:00,10690.49,1861.23,72,16.02816901,Weekday,Home & Living
02/01/2018 00:00,7526.32,1268.31,55,11.10909091,Weekday,Home & Living
01/01/2018 00:00,1630.67,362.53,17,14.64705882,Weekday,Home & Living
29/12/2017 00:00,3692.45,939.81,40,15.6,Weekday,Home & Living
28/12/2017 00:00,5316.61,962,51,14.96078431,Weekday,Home & Living
27/12/2017 00:00,7161.58,1404.09,59,13.31034483,Weekday,Home & Living
26/12/2017 00:00,6303.04,1181.95,53,12.81132075,Weekday,Home & Living
25/12/2017 00:00,3896.36,1054.52,33,16.5,Weekday,Home & Living
22/12/2017 00:00,6668.98,879.89,37,15.05405405,Weekday,Home & Living
21/12/2017 00:00,6050.42,1047.3,48,14.47916667,Weekday,Home & Living
20/12/2017 00:00,8515.24,1419.96,57,15.39285714,Weekday,Home & Living
19/12/2017 00:00,7668.78,1443.53,55,16.18181818,Weekday,Home & Living
18/12/2017 00:00,10768.22,1806.89,63,16.93650794,Weekday,Home & Living
15/12/2017 00:00,6123.55,1273.88,61,17.54385965,Weekday,Home & Living
14/12/2017 00:00,8466.25,1715.67,58,17.05263158,Weekday,Home & Living
13/12/2017 00:00,8915.7,1899.91,65,15.328125,Weekday,Home & Living
12/12/2017 00:00,10873.63,2030,90,13.97647059,Weekday,Home & Living
11/12/2017 00:00,7821.07,1623.06,76,15.20547945,Weekday,Home & Living
08/12/2017 00:00,9677.84,1741.74,65,18.4516129,Weekday,Home & Living
07/12/2017 00:00,9931.46,1861.41,75,17.21917808,Weekday,Home & Living
06/12/2017 00:00,13294.89,2370.58,77,15.97368421,Weekday,Home & Living
05/12/2017 00:00,8781.09,2226.49,83,17.075,Weekday,Home & Living
04/12/2017 00:00,12956.22,2506.53,110,16.16513761,Weekday,Home & Living
01/12/2017 00:00,11846.25,2244.88,88,17.62068966,Weekday,Home & Living
30/11/2017 00:00,10543.2,2057.76,89,17.55681818,Weekday,Home & Living
29/11/2017 00:00,15789.71,2881.09,105,19.05769231,Weekday,Home & Living
28/11/2017 00:00,18271.09,3681.36,126,17.264,Weekday,Home & Living
27/11/2017 00:00,18661.92,3888.14,154,18.11111111,Weekday,Home & Living
24/11/2017 00:00,60593.49,12024.91,471,18.47186147,Weekday,Home & Living
23/11/2017 00:00,12304.46,2844.98,101,17.43434343,Weekday,Home & Living
22/11/2017 00:00,9482.45,2264.12,65,16.19047619,Weekday,Home & Living
21/11/2017 00:00,11567.34,2136.11,83,15.51219512,Weekday,Home & Living
20/11/2017 00:00,13715.5,2574.13,77,13.18666667,Weekday,Home & Living
17/11/2017 00:00,10050.07,2299.82,62,15.29032258,Weekday,Home & Living
16/11/2017 00:00,11661.7,2175.99,85,13.3452381,Weekday,Home & Living
15/11/2017 00:00,9416.89,1560.43,68,12.328125,Weekday,Home & Living
14/11/2017 00:00,10708.25,2060.94,75,17.2972973,Weekday,Home & Living
13/11/2017 00:00,7596.91,2052.84,71,14.18571429,Weekday,Home & Living
10/11/2017 00:00,5916.19,1325.78,54,15.13207547,Weekday,Home & Living
09/11/2017 00:00,8891.55,1613.88,69,13.74626866,Weekday,Home & Living
08/11/2017 00:00,7666.9,1946.95,69,13.47058824,Weekday,Home & Living
07/11/2017 00:00,7915.87,1879.4,65,12.29032258,Weekday,Home & Living
06/11/2017 00:00,7422.04,1962.29,74,15.31944444,Weekday,Home & Living
03/11/2017 00:00,6925.53,1113.62,44,12.90909091,Weekday,Home & Living
02/11/2017 00:00,5507.37,1100.9,48,15.04347826,Weekday,Home & Living
01/11/2017 00:00,3255.01,684.79,26,12.73076923,Weekday,Home & Living
31/10/2017 00:00,7008.42,1263.74,58,12.37931034,Weekday,Home & Living
30/10/2017 00:00,5343.72,1168.73,46,12.29545455,Weekday,Home & Living
27/10/2017 00:00,5868.15,976.1,45,12.64444444,Weekday,Home & Living
26/10/2017 00:00,7027.66,1739.54,52,13.25,Weekday,Home & Living
25/10/2017 00:00,6446.42,1191.04,51,13.93877551,Weekday,Home & Living
24/10/2017 00:00,4792.39,1116.71,51,10.80392157,Weekday,Home & Living
23/10/2017 00:00,6109.75,1415.15,53,12.51923077,Weekday,Home & Living
20/10/2017 00:00,5224.66,1070.92,36,16.83333333,Weekday,Home & Living
19/10/2017 00:00,6999.52,1645.79,62,11.2295082,Weekday,Home & Living
18/10/2017 00:00,6471.65,1227.39,48,10.58333333,Weekday,Home & Living
17/10/2017 00:00,10115.92,2062.3,71,11.69014085,Weekday,Home & Living
16/10/2017 00:00,7403.61,1379.09,51,11.28,Weekday,Home & Living
13/10/2017 00:00,6245.56,1206.87,44,13.56818182,Weekday,Home & Living
12/10/2017 00:00,7693.52,1526.04,46,13.76086957,Weekday,Home & Living
11/10/2017 00:00,4712.86,957.99,47,12.32608696,Weekday,Home & Living
10/10/2017 00:00,4411.81,944.02,41,13.17948718,Weekday,Home & Living
09/10/2017 00:00,9949.49,2012.35,67,12.62686567,Weekday,Home & Living
06/10/2017 00:00,7350.43,1188.51,43,14.88372093,Weekday,Home & Living
05/10/2017 00:00,4984.66,1060.42,41,14.04878049,Weekday,Home & Living
04/10/2017 00:00,7157.67,1439.26,52,11.53846154,Weekday,Home & Living
03/10/2017 00:00,7491.47,1889.02,68,12.20588235,Weekday,Home & Living
02/10/2017 00:00,7872.69,1470.75,47,10.44680851,Weekday,Home & Living
29/09/2017 00:00,6318.45,1113.58,37,14.83333333,Weekday,Home & Living
28/09/2017 00:00,7383.59,1062.82,40,10.71794872,Weekday,Home & Living
27/09/2017 00:00,6185.63,1291.83,46,10.91304348,Weekday,Home & Living
26/09/2017 00:00,6927.52,1248.48,51,14.0625,Weekday,Home & Living
25/09/2017 00:00,3150.84,780.9,34,11.45454545,Weekday,Home & Living
22/09/2017 00:00,5445.99,1281.63,51,12.5,Weekday,Home & Living
21/09/2017 00:00,7019.64,1531.47,58,13.98181818,Weekday,Home & Living
20/09/2017 00:00,8041.12,1644.46,55,11.27777778,Weekday,Home & Living
19/09/2017 00:00,5478.57,1229.41,49,12.55319149,Weekday,Home & Living
18/09/2017 00:00,7559.48,1482.32,64,11.47619048,Weekday,Home & Living
15/09/2017 00:00,8460.02,1456.92,65,12.91803279,Weekday,Home & Living
14/09/2017 00:00,6372.06,1318.07,59,11.61016949,Weekday,Home & Living
13/09/2017 00:00,10718.15,1836.11,63,11.70967742,Weekday,Home & Living
12/09/2017 00:00,7335.15,1720.03,66,13.81818182,Weekday,Home & Living
11/09/2017 00:00,7792.53,1445.9,64,9.78125,Weekday,Home & Living
08/09/2017 00:00,4198.14,976.72,35,11.29411765,Weekday,Home & Living
07/09/2017 00:00,4317.7,801.9,40,12.425,Weekday,Home & Living
06/09/2017 00:00,7071,1160.18,40,15.76923077,Weekday,Home & Living
05/09/2017 00:00,8155.47,1506.44,56,11.49090909,Weekday,Home & Living
04/09/2017 00:00,4192.17,1071.79,36,14.41666667,Weekday,Home & Living
01/09/2017 00:00,4883.71,1196.87,46,12.24444444,Weekday,Home & Living
31/08/2017 00:00,7960.1,1233,51,11.4,Weekday,Home & Living
30/08/2017 00:00,6646.49,1419.81,59,11.18644068,Weekday,Home & Living
29/08/2017 00:00,6015.95,1358.75,46,12.82222222,Weekday,Home & Living
28/08/2017 00:00,9198.95,1641.57,64,9.241935484,Weekday,Home & Living
25/08/2017 00:00,5445.64,967.28,50,14,Weekday,Home & Living
24/08/2017 00:00,3803.07,838.1,39,11.02564103,Weekday,Home & Living
23/08/2017 00:00,5898.81,1257.98,37,11.97297297,Weekday,Home & Living
22/08/2017 00:00,4342.49,1071.32,41,12.17073171,Weekday,Home & Living
21/08/2017 00:00,7903.2,1173.2,56,9.563636364,Weekday,Home & Living
18/08/2017 00:00,7268.78,1055.97,54,12.70588235,Weekday,Home & Living
17/08/2017 00:00,7105.72,1592.6,64,12.40322581,Weekday,Home & Living
16/08/2017 00:00,7681.22,1774.85,68,11.62686567,Weekday,Home & Living
15/08/2017 00:00,9892.69,2113.35,85,12.88888889,Weekday,Home & Living
14/08/2017 00:00,8153.54,1585.16,59,10.66071429,Weekday,Home & Living
11/08/2017 00:00,6822.27,1320,51,11.7755102,Weekday,Home & Living
10/08/2017 00:00,5668.61,1191.81,55,11.12727273,Weekday,Home & Living
09/08/2017 00:00,9514.35,1616.41,46,11.2173913,Weekday,Home & Living
08/08/2017 00:00,7842.09,1226.41,60,10.73333333,Weekday,Home & Living
07/08/2017 00:00,8196.98,1489.55,66,10.95454545,Weekday,Home & Living
04/08/2017 00:00,6447.01,1403.3,50,14.55102041,Weekday,Home & Living
03/08/2017 00:00,7256.58,1348.51,52,10.68627451,Weekday,Home & Living
02/08/2017 00:00,7076.91,1334.6,61,10.03389831,Weekday,Home & Living
01/08/2017 00:00,7274.84,1406.42,53,10.18,Weekday,Home & Living
31/07/2017 00:00,4861.57,1017.93,48,8.9375,Weekday,Home & Living
28/07/2017 00:00,7549.79,1686.03,51,13.02040816,Weekday,Home & Living
27/07/2017 00:00,4723.87,1231.84,53,11.67307692,Weekday,Home & Living
26/07/2017 00:00,4434.53,1228.55,46,12.38636364,Weekday,Home & Living
25/07/2017 00:00,5829.5,1380.23,53,12.01923077,Weekday,Home & Living
26/08/2018 00:00,4413.83,458.93,26,3.461538462,Weekend,Lifestyle
25/08/2018 00:00,3364.32,368.54,24,4.041666667,Weekend,Lifestyle
19/08/2018 00:00,8992.12,1421.39,66,6.893939394,Weekend,Lifestyle
18/08/2018 00:00,7100.51,1128.61,57,7.232142857,Weekend,Lifestyle
12/08/2018 00:00,10597,1594.62,70,7.449275362,Weekend,Lifestyle
11/08/2018 00:00,7149.31,1195.44,55,8.259259259,Weekend,Lifestyle
05/08/2018 00:00,11821.74,2253.59,91,8.103448276,Weekend,Lifestyle
04/08/2018 00:00,9397.31,1763.35,79,8.644736842,Weekend,Lifestyle
29/07/2018 00:00,11520.52,1268.24,50,7.32,Weekend,Lifestyle
28/07/2018 00:00,7791.29,1206.43,49,9.040816327,Weekend,Lifestyle
22/07/2018 00:00,5058.14,1303.37,55,7.690909091,Weekend,Lifestyle
21/07/2018 00:00,6734.78,1470.63,63,8.918032787,Weekend,Lifestyle
15/07/2018 00:00,10387.94,1477.08,46,10.46666667,Weekend,Lifestyle
14/07/2018 00:00,6481.59,1225.65,42,12.8974359,Weekend,Lifestyle
08/07/2018 00:00,3990.73,887.73,47,9.680851064,Weekend,Lifestyle
07/07/2018 00:00,2517.33,719.99,35,8.371428571,Weekend,Lifestyle
01/07/2018 00:00,4587.5,957.59,36,6.285714286,Weekend,Lifestyle
30/06/2018 00:00,4675.75,843.1,44,8.681818182,Weekend,Lifestyle
24/06/2018 00:00,7128.2,1401.8,63,6.285714286,Weekend,Lifestyle
23/06/2018 00:00,6070.7,1151.16,46,8.913043478,Weekend,Lifestyle
17/06/2018 00:00,4868.01,1011.55,51,7.764705882,Weekend,Lifestyle
16/06/2018 00:00,6315.99,1086.78,40,11.41025641,Weekend,Lifestyle
10/06/2018 00:00,7173.07,1418.95,59,10.07017544,Weekend,Lifestyle
09/06/2018 00:00,6973.03,1194.77,50,10.26530612,Weekend,Lifestyle
03/06/2018 00:00,11150.41,1401.55,67,8.28358209,Weekend,Lifestyle
02/06/2018 00:00,7715.04,951.73,46,10.52173913,Weekend,Lifestyle
27/05/2018 00:00,3200.29,517.57,26,12.73076923,Weekend,Lifestyle
26/05/2018 00:00,5573.11,597.13,28,12.07142857,Weekend,Lifestyle
20/05/2018 00:00,5467.02,720.02,44,12.27906977,Weekend,Lifestyle
19/05/2018 00:00,9282.67,869.58,44,11.48837209,Weekend,Lifestyle
13/05/2018 00:00,8225.59,1400.33,63,8.80952381,Weekend,Lifestyle
12/05/2018 00:00,5559.51,976.17,50,9.333333333,Weekend,Lifestyle
06/05/2018 00:00,6923.81,1282.2,60,11.4137931,Weekend,Lifestyle
05/05/2018 00:00,10365.68,1167.29,60,10.57627119,Weekend,Lifestyle
29/04/2018 00:00,6499.32,925.91,46,12.18181818,Weekend,Lifestyle
28/04/2018 00:00,5734.7,1033.22,49,13.125,Weekend,Lifestyle
22/04/2018 00:00,7490.91,1097.48,48,9.4375,Weekend,Lifestyle
21/04/2018 00:00,7641.3,1185.43,53,9.843137255,Weekend,Lifestyle
15/04/2018 00:00,10151.2,1450.93,67,9.181818182,Weekend,Lifestyle
14/04/2018 00:00,5481.51,955.3,42,12.80952381,Weekend,Lifestyle
08/04/2018 00:00,7403.2,1226.37,56,10.83928571,Weekend,Lifestyle
07/04/2018 00:00,6931.84,995.9,46,14.56521739,Weekend,Lifestyle
01/04/2018 00:00,10680.87,1532.62,65,12.52380952,Weekend,Lifestyle
31/03/2018 00:00,5836.27,1188.9,48,13.14583333,Weekend,Lifestyle
25/03/2018 00:00,9594.82,1596.36,66,12.76923077,Weekend,Lifestyle
24/03/2018 00:00,8231.84,994.86,48,11.33333333,Weekend,Lifestyle
18/03/2018 00:00,7822.11,1536.62,70,16.65671642,Weekend,Lifestyle
17/03/2018 00:00,5272.01,1143.12,58,16.76785714,Weekend,Lifestyle
11/03/2018 00:00,12478.83,2292.28,93,18.45652174,Weekend,Lifestyle
10/03/2018 00:00,10361.79,1558.59,70,21.12857143,Weekend,Lifestyle
04/03/2018 00:00,11744.14,1706.76,94,16.31868132,Weekend,Lifestyle
03/03/2018 00:00,8970.45,1328.68,62,20.18333333,Weekend,Lifestyle
25/02/2018 00:00,7871.48,1175.42,65,17.546875,Weekend,Lifestyle
24/02/2018 00:00,6502.49,1042.91,61,19.9,Weekend,Lifestyle
18/02/2018 00:00,7344.86,1321.53,71,15.22857143,Weekend,Lifestyle
17/02/2018 00:00,7718.02,1190.47,55,16.30909091,Weekend,Lifestyle
11/02/2018 00:00,7826.14,894.79,46,15.30952381,Weekend,Lifestyle
10/02/2018 00:00,7162.97,1085.1,46,17.10869565,Weekend,Lifestyle
04/02/2018 00:00,7425.55,1403.22,66,15.09375,Weekend,Lifestyle
03/02/2018 00:00,4531.38,870.34,46,16.88636364,Weekend,Lifestyle
28/01/2018 00:00,6395.4,822.94,45,13.95454545,Weekend,Lifestyle
27/01/2018 00:00,8893.64,984.86,53,14.50980392,Weekend,Lifestyle
21/01/2018 00:00,7145.34,1082.04,53,16.88235294,Weekend,Lifestyle
20/01/2018 00:00,7394.81,1217.31,63,14.80952381,Weekend,Lifestyle
14/01/2018 00:00,11395.75,1526.11,80,12.8625,Weekend,Lifestyle
13/01/2018 00:00,10505.03,1472.42,71,11.57142857,Weekend,Lifestyle
07/01/2018 00:00,5063.47,997.47,54,10.72222222,Weekend,Lifestyle
06/01/2018 00:00,6254.01,1097.44,58,12.86206897,Weekend,Lifestyle
31/12/2017 00:00,3434.4,581.04,25,15,Weekend,Lifestyle
30/12/2017 00:00,4949.12,691.21,30,16,Weekend,Lifestyle
24/12/2017 00:00,2392.23,427.88,23,13.43478261,Weekend,Lifestyle
23/12/2017 00:00,4290.76,760.81,34,17.40625,Weekend,Lifestyle
17/12/2017 00:00,8215.87,1104.8,49,11.32653061,Weekend,Lifestyle
16/12/2017 00:00,5570.85,677.63,40,13.275,Weekend,Lifestyle
10/12/2017 00:00,9477.95,1622.42,81,14.9625,Weekend,Lifestyle
09/12/2017 00:00,8565.88,1347.92,64,18.58730159,Weekend,Lifestyle
03/12/2017 00:00,11279.62,1920.6,103,14.47524752,Weekend,Lifestyle
02/12/2017 00:00,12042.8,1626.75,86,17.27058824,Weekend,Lifestyle
26/11/2017 00:00,13674.19,2569.93,133,16.06153846,Weekend,Lifestyle
25/11/2017 00:00,20939.55,3007.25,153,17.40410959,Weekend,Lifestyle
19/11/2017 00:00,8943.57,1241.7,58,10.64912281,Weekend,Lifestyle
18/11/2017 00:00,10649.08,1513.87,58,12.77192982,Weekend,Lifestyle
12/11/2017 00:00,8240.82,1182.98,63,11.85483871,Weekend,Lifestyle
11/11/2017 00:00,7219.75,1011.92,52,13.52941176,Weekend,Lifestyle
05/11/2017 00:00,7178.44,1158.05,52,10.93877551,Weekend,Lifestyle
04/11/2017 00:00,5148.92,882.73,43,12.56097561,Weekend,Lifestyle
29/10/2017 00:00,7058.82,1073.06,55,10.21818182,Weekend,Lifestyle
28/10/2017 00:00,3478.13,543.81,28,12.03571429,Weekend,Lifestyle
22/10/2017 00:00,6654.44,1108.7,55,10.05555556,Weekend,Lifestyle
21/10/2017 00:00,5894.05,1096.96,44,10.15,Weekend,Lifestyle
15/10/2017 00:00,5214.08,621.21,37,9.638888889,Weekend,Lifestyle
14/10/2017 00:00,5163.69,965.72,41,10.56097561,Weekend,Lifestyle
08/10/2017 00:00,5772.11,1172.92,54,9.814814815,Weekend,Lifestyle
07/10/2017 00:00,3988.87,745,35,13.88235294,Weekend,Lifestyle
01/10/2017 00:00,5306,958.51,51,13.12244898,Weekend,Lifestyle
30/09/2017 00:00,5476.63,1043.27,52,11.2244898,Weekend,Lifestyle
24/09/2017 00:00,5856.24,1090.7,48,10.89361702,Weekend,Lifestyle
23/09/2017 00:00,5577.39,934.31,38,13.05714286,Weekend,Lifestyle
17/09/2017 00:00,7107.38,1087.44,47,13.34042553,Weekend,Lifestyle
16/09/2017 00:00,8146.47,1382.79,63,13.19354839,Weekend,Lifestyle
10/09/2017 00:00,7351.26,1320.44,54,10.71153846,Weekend,Lifestyle
09/09/2017 00:00,6349.54,815.45,36,9.914285714,Weekend,Lifestyle
03/09/2017 00:00,7548.38,773.34,40,9.210526316,Weekend,Lifestyle
02/09/2017 00:00,5685.77,666.14,34,10.87878788,Weekend,Lifestyle
27/08/2017 00:00,6795.44,1474.98,49,9.708333333,Weekend,Lifestyle
26/08/2017 00:00,2070.38,423.58,25,9.583333333,Weekend,Lifestyle
20/08/2017 00:00,6426.46,721.17,38,11.07894737,Weekend,Lifestyle
19/08/2017 00:00,4061.94,722.87,42,11.21428571,Weekend,Lifestyle
13/08/2017 00:00,4651.12,848.55,35,8.333333333,Weekend,Lifestyle
12/08/2017 00:00,5436.47,787.67,37,9.742857143,Weekend,Lifestyle
06/08/2017 00:00,4811.82,855.95,37,12,Weekend,Lifestyle
05/08/2017 00:00,3366.71,985.14,45,12.22222222,Weekend,Lifestyle
30/07/2017 00:00,4651.9,724.56,39,10.15384615,Weekend,Lifestyle
29/07/2017 00:00,5817.61,765.32,36,11.875,Weekend,Lifestyle
23/07/2017 00:00,5238.79,732.94,37,10,Weekend,Lifestyle
22/07/2017 00:00,3533.27,483.7,26,13.96153846,Weekend,Lifestyle
16/07/2017 00:00,5788.51,1067.02,46,11.13636364,Weekend,Lifestyle
15/07/2017 00:00,2535.86,681.36,29,10.5862069,Weekend,Lifestyle
09/07/2017 00:00,2402.24,608.93,28,10.89285714,Weekend,Lifestyle
08/07/2017 00:00,4995.82,652.43,36,10.13888889,Weekend,Lifestyle
02/07/2017 00:00,5053.89,872.19,43,10.51219512,Weekend,Lifestyle
01/07/2017 00:00,5418.12,897.46,36,10.24242424,Weekend,Lifestyle
25/06/2017 00:00,9223.35,1632.29,40,9.567567568,Weekend,Lifestyle
24/06/2017 00:00,3368.63,503.15,20,14.15,Weekend,Lifestyle
18/06/2017 00:00,3540.98,664.82,33,10.21875,Weekend,Lifestyle
17/06/2017 00:00,4677.42,577.87,33,12.90625,Weekend,Lifestyle
11/06/2017 00:00,6180.23,941.82,45,15,Weekend,Lifestyle
10/06/2017 00:00,2786.28,481.22,22,11.65,Weekend,Lifestyle
04/06/2017 00:00,6562.97,828.67,39,13.02564103,Weekend,Lifestyle
03/06/2017 00:00,5146.04,857.67,43,16.3255814,Weekend,Lifestyle
28/05/2017 00:00,2775.43,618.72,33,8.818181818,Weekend,Lifestyle
27/05/2017 00:00,5417.94,720.66,31,9.733333333,Weekend,Lifestyle
21/05/2017 00:00,7848.21,1194.4,58,9.929824561,Weekend,Lifestyle
20/05/2017 00:00,4877.35,854.49,32,10.41935484,Weekend,Lifestyle
14/05/2017 00:00,4530.57,683.24,39,9.538461538,Weekend,Lifestyle
13/05/2017 00:00,3113.72,409.02,24,9.45,Weekend,Lifestyle
07/05/2017 00:00,4119.43,798.09,37,10.77142857,Weekend,Lifestyle
06/05/2017 00:00,6947.21,1045.08,46,13.25581395,Weekend,Lifestyle
30/04/2017 00:00,3631.08,536.15,28,13.69230769,Weekend,Lifestyle
29/04/2017 00:00,3682.13,586.23,25,12.625,Weekend,Lifestyle
23/04/2017 00:00,4628.65,678.6,33,14.78787879,Weekend,Lifestyle
22/04/2017 00:00,6477.8,898.16,34,13.27272727,Weekend,Lifestyle
16/04/2017 00:00,2198.43,415.74,20,17,Weekend,Lifestyle
15/04/2017 00:00,1496.95,231.36,14,14.38461538,Weekend,Lifestyle
09/04/2017 00:00,3983.65,567.58,29,12.92,Weekend,Lifestyle
08/04/2017 00:00,3282.94,377.7,22,15.23809524,Weekend,Lifestyle
02/04/2017 00:00,2566.05,393,19,9.631578947,Weekend,Lifestyle
01/04/2017 00:00,4880.27,363.79,20,13.63157895,Weekend,Lifestyle
26/03/2017 00:00,1525.99,310.27,17,12.17647059,Weekend,Lifestyle
25/03/2017 00:00,2812.17,585.51,21,11.35,Weekend,Lifestyle
19/03/2017 00:00,2968.45,289.05,17,10,Weekend,Lifestyle
18/03/2017 00:00,3640.74,479.39,20,12.9,Weekend,Lifestyle
12/03/2017 00:00,2802.16,451.56,23,10.08695652,Weekend,Lifestyle
11/03/2017 00:00,3144.69,363.24,17,12.70588235,Weekend,Lifestyle
05/03/2017 00:00,2801.72,579.2,23,11.7826087,Weekend,Lifestyle
04/03/2017 00:00,4309.73,768.49,28,11.56,Weekend,Lifestyle
26/02/2017 00:00,1092.67,179.31,9,16.28571429,Weekend,Lifestyle
25/02/2017 00:00,1219.36,206.31,11,13.9,Weekend,Lifestyle
19/02/2017 00:00,832.89,148.18,10,8.1,Weekend,Lifestyle
18/02/2017 00:00,2551.1,309.1,15,15.2,Weekend,Lifestyle
12/02/2017 00:00,4405.62,512.58,21,12.05,Weekend,Lifestyle
11/02/2017 00:00,1234.96,262.84,17,11.17647059,Weekend,Lifestyle
05/02/2017 00:00,3142.91,551.13,25,10.83333333,Weekend,Lifestyle
04/02/2017 00:00,5069.17,745.84,31,11.46666667,Weekend,Lifestyle
29/01/2017 00:00,4065.88,338,17,16,Weekend,Lifestyle
28/01/2017 00:00,3233.07,261,12,13.66666667,Weekend,Lifestyle
22/01/2017 00:00,1517.71,180.91,12,9.25,Weekend,Lifestyle
21/01/2017 00:00,298.49,102.28,5,13.4,Weekend,Lifestyle
15/01/2017 00:00,822.59,86.88,5,15.4,Weekend,Lifestyle
14/01/2017 00:00,357.7,194.44,4,14.33333333,Weekend,Lifestyle
08/01/2017 00:00,129.99,11.38,1,11,Weekend,Lifestyle
07/01/2017 00:00,1168,67.95,2,14.5,Weekend,Lifestyle
26/08/2018 00:00,1045.27,199.27,16,3.3125,Weekend,Tech & Gadgets
25/08/2018 00:00,635.1,138.25,11,4.272727273,Weekend,Tech & Gadgets
19/08/2018 00:00,1947.33,428.67,31,6.225806452,Weekend,Tech & Gadgets
18/08/2018 00:00,5904.65,653.82,37,7.783783784,Weekend,Tech & Gadgets
12/08/2018 00:00,8918.77,625.06,29,7.142857143,Weekend,Tech & Gadgets
11/08/2018 00:00,8361.34,947.22,45,9.977777778,Weekend,Tech & Gadgets
05/08/2018 00:00,6859.69,932.47,53,7.773584906,Weekend,Tech & Gadgets
04/08/2018 00:00,7492.25,896.29,49,8.152173913,Weekend,Tech & Gadgets
29/07/2018 00:00,3450.76,503.32,32,7.5625,Weekend,Tech & Gadgets
28/07/2018 00:00,7914.69,981.76,43,8.930232558,Weekend,Tech & Gadgets
22/07/2018 00:00,8450.29,1100.43,59,7.614035088,Weekend,Tech & Gadgets
21/07/2018 00:00,5487.11,895.55,46,8.466666667,Weekend,Tech & Gadgets
15/07/2018 00:00,12506.51,978.36,41,13.775,Weekend,Tech & Gadgets
14/07/2018 00:00,6394.44,795.86,34,12.82352941,Weekend,Tech & Gadgets
08/07/2018 00:00,3738.28,483.92,22,10,Weekend,Tech & Gadgets
07/07/2018 00:00,1201.92,367.97,18,10.22222222,Weekend,Tech & Gadgets
01/07/2018 00:00,8152.64,830.31,43,7.125,Weekend,Tech & Gadgets
30/06/2018 00:00,1981.71,390.04,20,7.05,Weekend,Tech & Gadgets
24/06/2018 00:00,4352.82,615.06,31,8.225806452,Weekend,Tech & Gadgets
23/06/2018 00:00,2727.75,600.35,33,9.3125,Weekend,Tech & Gadgets
17/06/2018 00:00,3433,646.82,37,8.27027027,Weekend,Tech & Gadgets
16/06/2018 00:00,7530.43,952.28,43,9.333333333,Weekend,Tech & Gadgets
10/06/2018 00:00,4335.87,620.39,33,10.54545455,Weekend,Tech & Gadgets
09/06/2018 00:00,7481.75,830.4,36,10.85714286,Weekend,Tech & Gadgets
03/06/2018 00:00,3842.08,568.07,35,9.228571429,Weekend,Tech & Gadgets
02/06/2018 00:00,5338.75,504.09,27,14.66666667,Weekend,Tech & Gadgets
27/05/2018 00:00,2229.95,409.74,23,13.69565217,Weekend,Tech & Gadgets
26/05/2018 00:00,3070.83,409.48,18,13.27777778,Weekend,Tech & Gadgets
20/05/2018 00:00,4299.77,508.31,28,13.28571429,Weekend,Tech & Gadgets
19/05/2018 00:00,4872.33,448.14,27,15.81481481,Weekend,Tech & Gadgets
13/05/2018 00:00,6379.35,1050.35,55,12.05454545,Weekend,Tech & Gadgets
12/05/2018 00:00,8907.81,1410.23,64,13.17741935,Weekend,Tech & Gadgets
06/05/2018 00:00,5761.08,768.09,43,10.92857143,Weekend,Tech & Gadgets
05/05/2018 00:00,5549.6,727.78,51,11.96,Weekend,Tech & Gadgets
29/04/2018 00:00,3898.83,673.04,41,12.4,Weekend,Tech & Gadgets
28/04/2018 00:00,4269.97,639.5,40,11.94871795,Weekend,Tech & Gadgets
22/04/2018 00:00,4370.23,585.45,40,10.9,Weekend,Tech & Gadgets
21/04/2018 00:00,2164.18,385.49,26,11.03846154,Weekend,Tech & Gadgets
15/04/2018 00:00,4473.05,642.55,38,10.56756757,Weekend,Tech & Gadgets
14/04/2018 00:00,5074.93,716.77,31,14.22580645,Weekend,Tech & Gadgets
08/04/2018 00:00,4671.51,678,36,11.22222222,Weekend,Tech & Gadgets
07/04/2018 00:00,4942.95,724.58,37,12.77777778,Weekend,Tech & Gadgets
01/04/2018 00:00,6354.09,963.11,51,10.06,Weekend,Tech & Gadgets
31/03/2018 00:00,6979.03,725.44,38,13.22222222,Weekend,Tech & Gadgets
25/03/2018 00:00,5069.35,713.77,38,15.16216216,Weekend,Tech & Gadgets
24/03/2018 00:00,6876.32,963.58,38,16.48648649,Weekend,Tech & Gadgets
18/03/2018 00:00,6821.1,888.98,41,14.775,Weekend,Tech & Gadgets
17/03/2018 00:00,5578.88,1093.15,53,19.38461538,Weekend,Tech & Gadgets
11/03/2018 00:00,5996.34,759.41,37,15.48648649,Weekend,Tech & Gadgets
10/03/2018 00:00,5903.5,933.97,44,17.23255814,Weekend,Tech & Gadgets
04/03/2018 00:00,8156.96,1020.77,54,21.63461538,Weekend,Tech & Gadgets
03/03/2018 00:00,5549.97,919.5,53,19.36,Weekend,Tech & Gadgets
25/02/2018 00:00,7733.32,1239.55,71,19.39705882,Weekend,Tech & Gadgets
24/02/2018 00:00,7677.47,953.23,49,23.29166667,Weekend,Tech & Gadgets
18/02/2018 00:00,8131.64,1304.78,70,16.91428571,Weekend,Tech & Gadgets
17/02/2018 00:00,8345.8,1484.81,60,20.08474576,Weekend,Tech & Gadgets
11/02/2018 00:00,8339.99,1075.97,54,16.83333333,Weekend,Tech & Gadgets
10/02/2018 00:00,4716.4,787.91,55,14.61111111,Weekend,Tech & Gadgets
04/02/2018 00:00,3859.75,661.8,43,14.88372093,Weekend,Tech & Gadgets
03/02/2018 00:00,7408.95,1090.48,58,18.56140351,Weekend,Tech & Gadgets
28/01/2018 00:00,4525.36,623.86,40,13.34210526,Weekend,Tech & Gadgets
27/01/2018 00:00,4504.92,506.97,32,13.5625,Weekend,Tech & Gadgets
21/01/2018 00:00,3482.17,743.04,40,14.075,Weekend,Tech & Gadgets
20/01/2018 00:00,5257.99,938.24,44,15.06976744,Weekend,Tech & Gadgets
14/01/2018 00:00,7019.13,677.27,44,13.76744186,Weekend,Tech & Gadgets
13/01/2018 00:00,4025.89,763.31,43,13.36585366,Weekend,Tech & Gadgets
07/01/2018 00:00,6912.01,858.43,45,11.02222222,Weekend,Tech & Gadgets
06/01/2018 00:00,6456.59,826.52,40,13.35,Weekend,Tech & Gadgets
31/12/2017 00:00,2252.94,276.61,17,10.11764706,Weekend,Tech & Gadgets
30/12/2017 00:00,1677.25,288.4,16,14.25,Weekend,Tech & Gadgets
24/12/2017 00:00,1183.54,332.16,15,11.84615385,Weekend,Tech & Gadgets
23/12/2017 00:00,3623.92,654.32,25,17.72727273,Weekend,Tech & Gadgets
17/12/2017 00:00,3009.13,412.59,30,13.51724138,Weekend,Tech & Gadgets
16/12/2017 00:00,8118.1,750.16,35,16.17647059,Weekend,Tech & Gadgets
10/12/2017 00:00,6226.59,606.79,41,12.95,Weekend,Tech & Gadgets
09/12/2017 00:00,2888.4,543.75,28,17.07142857,Weekend,Tech & Gadgets
03/12/2017 00:00,5474.86,713.6,41,13.14634146,Weekend,Tech & Gadgets
02/12/2017 00:00,8269.96,629.23,39,16.55263158,Weekend,Tech & Gadgets
26/11/2017 00:00,8755.16,1275.18,75,14.94520548,Weekend,Tech & Gadgets
25/11/2017 00:00,12710.7,2051.43,96,18.46315789,Weekend,Tech & Gadgets
19/11/2017 00:00,2478.83,467.55,29,10.62068966,Weekend,Tech & Gadgets
18/11/2017 00:00,3896.28,521.11,27,16.77777778,Weekend,Tech & Gadgets
12/11/2017 00:00,7359.74,946.88,48,13.16666667,Weekend,Tech & Gadgets
11/11/2017 00:00,4295.88,463.17,30,13.34482759,Weekend,Tech & Gadgets
05/11/2017 00:00,2604.34,452.93,26,11.32,Weekend,Tech & Gadgets
04/11/2017 00:00,3566.02,326.91,20,10.5,Weekend,Tech & Gadgets
29/10/2017 00:00,4414.34,447.53,21,11.38095238,Weekend,Tech & Gadgets
28/10/2017 00:00,3495.42,372.41,18,11.61111111,Weekend,Tech & Gadgets
22/10/2017 00:00,5832.43,673.17,39,14.45945946,Weekend,Tech & Gadgets
21/10/2017 00:00,3631.85,426.87,27,10.92307692,Weekend,Tech & Gadgets
15/10/2017 00:00,6429.37,417.56,23,10.90909091,Weekend,Tech & Gadgets
14/10/2017 00:00,2753.92,495.93,27,13.30769231,Weekend,Tech & Gadgets
08/10/2017 00:00,4577.62,399.42,22,10.45454545,Weekend,Tech & Gadgets
07/10/2017 00:00,5174.92,494.08,27,14,Weekend,Tech & Gadgets
01/10/2017 00:00,4410.25,360.28,20,9.894736842,Weekend,Tech & Gadgets
30/09/2017 00:00,2723.04,301.9,16,10.1875,Weekend,Tech & Gadgets
24/09/2017 00:00,2540.29,396.02,20,10.8,Weekend,Tech & Gadgets
23/09/2017 00:00,1237.08,208.08,12,10.75,Weekend,Tech & Gadgets
17/09/2017 00:00,7160.55,476.15,22,12.5,Weekend,Tech & Gadgets
16/09/2017 00:00,4604.64,347.32,21,10.36842105,Weekend,Tech & Gadgets
10/09/2017 00:00,4351.97,506.69,28,11.03571429,Weekend,Tech & Gadgets
09/09/2017 00:00,3030.42,365.68,21,9.714285714,Weekend,Tech & Gadgets
03/09/2017 00:00,10275.25,748.59,35,11.14285714,Weekend,Tech & Gadgets
02/09/2017 00:00,7085.97,487.31,22,13.85714286,Weekend,Tech & Gadgets
27/08/2017 00:00,2658.32,435.75,24,10.56521739,Weekend,Tech & Gadgets
26/08/2017 00:00,1595.1,270.76,17,9.5,Weekend,Tech & Gadgets
20/08/2017 00:00,1689.24,421.73,19,10.57894737,Weekend,Tech & Gadgets
19/08/2017 00:00,2181.31,322.24,19,10.11111111,Weekend,Tech & Gadgets
13/08/2017 00:00,3841.39,471.05,18,11.61111111,Weekend,Tech & Gadgets
12/08/2017 00:00,2199.04,345.06,18,12.11111111,Weekend,Tech & Gadgets
06/08/2017 00:00,3068.05,319.36,17,11.41176471,Weekend,Tech & Gadgets
05/08/2017 00:00,3794.53,451.69,21,13.1,Weekend,Tech & Gadgets
30/07/2017 00:00,2627.91,423.11,26,10.08,Weekend,Tech & Gadgets
29/07/2017 00:00,3689.21,398.35,21,10.66666667,Weekend,Tech & Gadgets
23/07/2017 00:00,2974.28,332.52,21,10.61904762,Weekend,Tech & Gadgets
22/07/2017 00:00,2658.95,428.29,18,13.27777778,Weekend,Tech & Gadgets
16/07/2017 00:00,2952.29,376.57,22,10.52380952,Weekend,Tech & Gadgets
15/07/2017 00:00,2021.05,278.68,16,13.6875,Weekend,Tech & Gadgets
09/07/2017 00:00,1510.07,206.3,14,8.714285714,Weekend,Tech & Gadgets
08/07/2017 00:00,1149.9,248.42,11,14.27272727,Weekend,Tech & Gadgets
02/07/2017 00:00,1345.44,363.29,17,13.25,Weekend,Tech & Gadgets
01/07/2017 00:00,2334.61,243.94,12,15.41666667,Weekend,Tech & Gadgets
25/06/2017 00:00,2701.46,267.34,16,8.5,Weekend,Tech & Gadgets
24/06/2017 00:00,630.44,158.34,11,16.90909091,Weekend,Tech & Gadgets
18/06/2017 00:00,1171.79,195.23,11,12.72727273,Weekend,Tech & Gadgets
17/06/2017 00:00,1960.96,295.02,16,10.5,Weekend,Tech & Gadgets
11/06/2017 00:00,2646.11,384.19,23,10.7826087,Weekend,Tech & Gadgets
10/06/2017 00:00,1275.5,301.48,18,12.05882353,Weekend,Tech & Gadgets
04/06/2017 00:00,1475.75,245.38,15,12.71428571,Weekend,Tech & Gadgets
03/06/2017 00:00,1049.98,277.21,13,12.53846154,Weekend,Tech & Gadgets
28/05/2017 00:00,1961.48,338.22,19,9.368421053,Weekend,Tech & Gadgets
27/05/2017 00:00,3068.27,293.34,16,12.1875,Weekend,Tech & Gadgets
21/05/2017 00:00,2153.78,433.07,29,9.535714286,Weekend,Tech & Gadgets
20/05/2017 00:00,1796.79,251.4,14,12.23076923,Weekend,Tech & Gadgets
14/05/2017 00:00,5210.2,578.9,31,10.5,Weekend,Tech & Gadgets
13/05/2017 00:00,2053.82,425.88,19,12.77777778,Weekend,Tech & Gadgets
07/05/2017 00:00,2996.03,307.73,19,10.58823529,Weekend,Tech & Gadgets
06/05/2017 00:00,1614.31,199.8,14,10.64285714,Weekend,Tech & Gadgets
30/04/2017 00:00,955.67,185.79,11,15.45454545,Weekend,Tech & Gadgets
29/04/2017 00:00,2658.11,309.16,13,12.92307692,Weekend,Tech & Gadgets
23/04/2017 00:00,2801.61,339.24,20,15.68421053,Weekend,Tech & Gadgets
22/04/2017 00:00,2407.38,313.09,19,16.21052632,Weekend,Tech & Gadgets
16/04/2017 00:00,974.03,141.18,8,13.875,Weekend,Tech & Gadgets
15/04/2017 00:00,418.72,148.18,9,17.625,Weekend,Tech & Gadgets
09/04/2017 00:00,1433.77,260.57,15,13.66666667,Weekend,Tech & Gadgets
08/04/2017 00:00,2175.6,169.95,10,13.2,Weekend,Tech & Gadgets
02/04/2017 00:00,1007.62,159.32,11,9.181818182,Weekend,Tech & Gadgets
01/04/2017 00:00,2329.15,136.07,9,13.11111111,Weekend,Tech & Gadgets
26/03/2017 00:00,901.05,161.49,11,11.72727273,Weekend,Tech & Gadgets
25/03/2017 00:00,2446.84,331.66,20,13.7,Weekend,Tech & Gadgets
19/03/2017 00:00,600.88,118.56,6,11.33333333,Weekend,Tech & Gadgets
18/03/2017 00:00,7011.96,295.04,17,9.764705882,Weekend,Tech & Gadgets
12/03/2017 00:00,404.86,97.89,6,10.5,Weekend,Tech & Gadgets
11/03/2017 00:00,2613.96,398.32,22,12.04545455,Weekend,Tech & Gadgets
05/03/2017 00:00,242.27,129.02,10,10.33333333,Weekend,Tech & Gadgets
04/03/2017 00:00,4157.19,221.65,12,15.1,Weekend,Tech & Gadgets
26/02/2017 00:00,1080.94,169.19,12,13.08333333,Weekend,Tech & Gadgets
25/02/2017 00:00,732.46,124.74,8,15.71428571,Weekend,Tech & Gadgets
19/02/2017 00:00,741.37,150.76,8,18.875,Weekend,Tech & Gadgets
18/02/2017 00:00,563.33,233.6,10,14,Weekend,Tech & Gadgets
12/02/2017 00:00,405.57,151.08,9,13.25,Weekend,Tech & Gadgets
11/02/2017 00:00,384.46,90.55,6,15.5,Weekend,Tech & Gadgets
05/02/2017 00:00,389.74,105.44,8,9.75,Weekend,Tech & Gadgets
04/02/2017 00:00,813.69,101.05,7,16.42857143,Weekend,Tech & Gadgets
29/01/2017 00:00,559.2,54,3,5.333333333,Weekend,Tech & Gadgets
28/01/2017 00:00,220.87,113,4,14.5,Weekend,Tech & Gadgets
22/01/2017 00:00,791.39,53.06,4,10,Weekend,Tech & Gadgets
21/01/2017 00:00,311.38,50.75,3,7,Weekend,Tech & Gadgets
15/01/2017 00:00,20.98,29.04,1,8,Weekend,Tech & Gadgets
14/01/2017 00:00,190.69,59.62,4,15.25,Weekend,Tech & Gadgets
08/01/2017 00:00,10.99,14.11,1,4,Weekend,Tech & Gadgets
07/01/2017 00:00,149,15.21,1,10,Weekend,Tech & Gadgets
26/08/2018 00:00,535.76,140.56,8,3.125,Weekend,Media & Essential
25/08/2018 00:00,342.5,49.88,4,4,Weekend,Media & Essential
19/08/2018 00:00,1805.18,393.98,19,5.421052632,Weekend,Media & Essential
18/08/2018 00:00,1833.37,404.49,16,7.125,Weekend,Media & Essential
12/08/2018 00:00,3322.32,788.13,31,8.419354839,Weekend,Media & Essential
11/08/2018 00:00,2309.62,435.33,15,7,Weekend,Media & Essential
05/08/2018 00:00,2904.17,559.21,30,7.6,Weekend,Media & Essential
04/08/2018 00:00,2973.58,488.41,27,8.592592593,Weekend,Media & Essential
29/07/2018 00:00,3813.82,647.06,19,6.888888889,Weekend,Media & Essential
28/07/2018 00:00,995.61,315.04,13,8.75,Weekend,Media & Essential
22/07/2018 00:00,2220.51,446.83,10,9.3,Weekend,Media & Essential
21/07/2018 00:00,1088.58,329.96,13,9.769230769,Weekend,Media & Essential
15/07/2018 00:00,1548.32,353.82,15,10.78571429,Weekend,Media & Essential
14/07/2018 00:00,1253.69,291.31,15,10.57142857,Weekend,Media & Essential
08/07/2018 00:00,1288.12,246.04,10,11.66666667,Weekend,Media & Essential
07/07/2018 00:00,534.79,70.13,3,6.666666667,Weekend,Media & Essential
01/07/2018 00:00,3466.76,684.65,15,9.6,Weekend,Media & Essential
30/06/2018 00:00,458.2,198.93,8,9,Weekend,Media & Essential
24/06/2018 00:00,1566.15,306.58,15,6.2,Weekend,Media & Essential
23/06/2018 00:00,2205.94,439.78,18,8.058823529,Weekend,Media & Essential
17/06/2018 00:00,1407.82,381.15,13,6.153846154,Weekend,Media & Essential
16/06/2018 00:00,1914.15,474.26,15,8.6,Weekend,Media & Essential
10/06/2018 00:00,1864.5,530.1,18,11.66666667,Weekend,Media & Essential
09/06/2018 00:00,2617.75,360.68,16,7.4375,Weekend,Media & Essential
03/06/2018 00:00,2238.77,388.41,15,9.6,Weekend,Media & Essential
02/06/2018 00:00,2748.49,439.35,9,11.55555556,Weekend,Media & Essential
27/05/2018 00:00,388.78,75.61,4,18.5,Weekend,Media & Essential
26/05/2018 00:00,233,79.25,6,9.666666667,Weekend,Media & Essential
20/05/2018 00:00,1542.52,293.93,15,14.28571429,Weekend,Media & Essential
19/05/2018 00:00,725.41,306.38,14,13.35714286,Weekend,Media & Essential
13/05/2018 00:00,3430.58,390.97,20,9.15,Weekend,Media & Essential
12/05/2018 00:00,2605.73,298.01,11,9,Weekend,Media & Essential
06/05/2018 00:00,2986.36,471.89,22,8.045454545,Weekend,Media & Essential
05/05/2018 00:00,3181.54,374.5,17,11.625,Weekend,Media & Essential
29/04/2018 00:00,1267.55,276.44,13,8,Weekend,Media & Essential
28/04/2018 00:00,1355.92,281.75,19,9,Weekend,Media & Essential
22/04/2018 00:00,4988.33,689.77,25,9.875,Weekend,Media & Essential
21/04/2018 00:00,921.78,169.02,11,9.636363636,Weekend,Media & Essential
15/04/2018 00:00,2300.67,632.5,16,8.375,Weekend,Media & Essential
14/04/2018 00:00,845.69,170.97,9,11.22222222,Weekend,Media & Essential
08/04/2018 00:00,2383.26,318.61,13,11.15384615,Weekend,Media & Essential
07/04/2018 00:00,2451.49,203.3,8,12,Weekend,Media & Essential
01/04/2018 00:00,1254.83,384.21,18,12.38888889,Weekend,Media & Essential
31/03/2018 00:00,1065.58,205.37,13,9.461538462,Weekend,Media & Essential
25/03/2018 00:00,1312.27,313.55,14,9.785714286,Weekend,Media & Essential
24/03/2018 00:00,1774.69,361.84,13,20.46153846,Weekend,Media & Essential
18/03/2018 00:00,1892.31,420.41,20,13.1,Weekend,Media & Essential
17/03/2018 00:00,1179.24,203.97,12,10.91666667,Weekend,Media & Essential
